toi_full,toi,tic,tks_name,evol,source,sm_flag,sm_teff,sm_teff_err,sm_logg,sm_logg_err,sm_feh,sm_feh_err,jmag,jmag_err,hmag,hmag_err,kmag,kmag_err,gamag,gamag_err,bpmag,bpmag_err,rpmag,rpmag_err,parallax,parallax_err,ra,dec,st_age,st_ageerr1,st_ageerr2,st_avs,st_avserr1,st_avserr2,sy_dist,sy_disterr1,sy_disterr2,st_met,st_meterr1,st_meterr2,st_mass,st_masserr1,st_masserr2,st_rad,st_raderr1,st_raderr2,st_lum,st_lumerr1,st_lumerr2,st_logg,st_loggerr1,st_loggerr2,st_dens,st_denserr1,st_denserr2,st_teff,st_tefferr1,st_tefferr2,st_limbdark1,st_limbdark2,pl_orbper,pl_orbpererr1,pl_orbpererr2,pl_tranmid,pl_tranmiderr1,pl_tranmiderr2,pl_ratror,pl_ratrorerr1,pl_ratrorerr2,pl_imppar,pl_impparerr1,pl_impparerr2,pl_trandur,pl_trandurerr1,pl_trandurerr2,pl_orbeccen,pl_orbeccenerr1,pl_orbeccenerr2,pl_orblper,pl_orblpererr1,pl_orblpererr2,pl_rade,pl_radeerr1,pl_radeerr2,comment
260.01,260,37749396,HIP1532,MS,spoc,emp,4019.8,70,,,-0.448,0.09,7.376,0.02,6.71,0.031,6.549,0.021,9.312404,0.01,10.1455965,0.01,8.445664,0.01,49.512332,0.05634299,4.77317781,-9.9648526,15.9006681,2.84442179,-5.4548657,0.00681534,0.06256847,-0.0529706,20.1969884,17748.4372,-17748.437,-0.2106472,0.05739911,-0.0892647,0.54853095,0.009331,-0.0059874,0.5467552,0.01091214,-0.0073823,0.07282494,0.0037943,-0.0033055,4.69996596,0.00670458,-0.0101367,3.33143848,0.09633874,-0.1398454,4050.49212,35.6357425,-30.738262,0.31295138,0.34952934,13.4758168,4.6304E-05,-5.552E-05,1392.29432,0.00211162,-0.0020744,0.02471677,0.00176641,-0.0013766,0.59217616,0.20712572,-0.378164,1.9940734,0.13080974,-0.1214502,0.35934172,0.27461523,-0.2111991,89.2024206,117.274057,-112.34569,1.4727455,0.1104313,-0.0856855,
266.01,266,164767175,HIP8152,MS,spoc,syn,5613.20607,100,4.40642608,0.1,-0.0101215,0.06,8.847,0.027,8.542,0.047,8.449,0.021,9.90726,0.01,10.271773,0.01,9.410853,0.01,9.804692,0.04023961,26.2096483,-18.400908,6.02794974,2.37694099,-2.3033783,0.00570447,0.05135177,-0.0516068,101.99199,24851.1338,-24851.134,0.00716587,0.05796991,-0.059443,0.93731074,0.03497117,-0.0322012,0.96030382,0.01749212,-0.0163188,0.83102935,0.04897009,-0.0447534,4.44280078,0.02444844,-0.0241305,1.04803476,0.07667691,-0.0708941,5617.81991,74.1311718,-73.040599,0.33241943,0.27565504,10.7510138,5.3863E-05,-5.8E-05,1393.08555,0.00314971,-0.002634,0.02476966,0.00134248,-0.0011665,0.53699763,0.19624976,-0.3439938,3.01091959,0.11590809,-0.1049292,0.29563349,0.29047077,-0.1758243,88.3144541,116.035282,-114.2916,2.59294075,0.14783188,-0.1284878,
266.02,266,164767175,HIP8152,MS,spoc,syn,5613.20607,100,4.40642608,0.1,-0.0101215,0.06,8.847,0.027,8.542,0.047,8.449,0.021,9.90726,0.01,10.271773,0.01,9.410853,0.01,9.804692,0.04023961,26.2096483,-18.400908,6.02794974,2.37694099,-2.3033783,0.00570447,0.05135177,-0.0516068,101.99199,24851.1338,-24851.134,0.00716587,0.05796991,-0.059443,0.93731074,0.03497117,-0.0322012,0.96030382,0.01749212,-0.0163188,0.83102935,0.04897009,-0.0447534,4.44280078,0.02444844,-0.0241305,1.04803476,0.07667691,-0.0708941,5617.81991,74.1311718,-73.040599,0.33241943,0.27565504,19.6056206,0.0002445,-0.000238,1398.28673,0.00654931,-0.0062272,0.02164646,0.00133865,-0.0013274,0.43229546,0.21295194,-0.2807943,4.21299829,0.23590482,-0.2204649,0.21918524,0.31618887,-0.14596,91.0505661,121.235152,-123.59161,2.26747611,0.1455588,-0.145232,period was ambiguous before
329.01,329,169765334,T000329,SG,spoc,syn,5633.82956,100,4.00332085,0.1,0.18334505,0.06,10.075,0.023,9.748,0.025,9.677,0.02,11.153597,0.01,11.529753,0.01,10.649031,0.01,3.488376,0.05135835,351.320862,-15.634653,8.70793621,1.02160999,-1.038814,0.02627184,0.05456905,-0.0526345,286.666361,19471.0311,-19471.031,0.20470399,0.0583776,-0.0559631,1.06784721,0.03120918,-0.0303752,1.53263945,0.03481219,-0.0340341,2.11422425,0.13618511,-0.1283118,4.09197618,0.02401406,-0.0219357,0.29275924,0.02294847,-0.019752,5613.8937,78.9389596,-73.532876,0.34031657,0.26807482,5.70437435,0.00013315,-0.0001185,2090.79558,0.00384079,-0.0062505,0.02920781,0.00151094,-0.0013334,0.44660684,0.20930475,-0.2889287,4.25408474,0.23025008,-0.1775533,0.22580685,0.32641632,-0.1446319,91.0773845,121.19706,-122.3975,4.88308555,0.27703923,-0.2429972,
465.01,465,270380593,WASP156,MS,spoc,syn,5021.03069,100,4.40594584,0.1,0.28595034,0.06,9.906,0.022,9.473,0.023,9.339,0.023,11.322707,0.01,11.845999,0.01,10.686572,0.01,8.163658,0.04295221,32.7817653,2.41802127,5.62416863,3.86270567,-3.2103974,0.08833643,0.05205287,-0.0533503,122.494114,23281.6895,-23281.689,0.30476149,0.05766955,-0.0593658,0.87115836,0.02499571,-0.0267425,0.82681115,0.0137619,-0.0139693,0.38180686,0.0211464,-0.0200081,4.54136913,0.02192958,-0.023934,1.52795189,0.1036533,-0.1022002,4986.77387,57.0413299,-56.453896,0.41739923,0.23974505,3.83616232,1.5214E-06,-1.544E-06,1414.13606,0.00031403,-0.0003129,0.0670725,0.00082106,-0.0006455,0.21071057,0.15502839,-0.1414906,2.40390012,0.01702554,-0.0151414,0.15811201,0.30794941,-0.0934012,89.8598522,98.3472638,-97.604617,6.05438522,0.12195662,-0.1196141,
469.01,469,33692729,42813,MS,spoc,syn,5397.50982,100,4.38980627,0.1,0.32502458,0.06,8.056,0.029,7.718,0.049,7.587,0.024,9.274681,0.01,9.70711,0.01,8.716325,0.01,14.635666,0.03772184,93.0581973,-14.650017,8.62501593,2.78076224,-2.7015029,0.02966075,0.05488752,-0.0551655,68.3262382,26509.8437,-26509.844,0.33198095,0.05835022,-0.0595604,0.94522731,0.0326705,-0.0309724,0.98386607,0.01812096,-0.0174245,0.70221732,0.04152891,-0.0382361,4.42523803,0.02471147,-0.0248665,0.98352625,0.07412041,-0.0691129,5322.52777,72.7511479,-70.708623,0.37277391,0.26093811,13.6308276,2.4001E-05,-2.502E-05,1474.56943,0.00100847,-0.0010033,0.03240271,0.00063247,-0.0005723,0.24654502,0.18851299,-0.1645381,4.33656986,0.04437443,-0.0403052,0.12439093,0.31301074,-0.0946672,87.9000877,124.103264,-120.64099,3.47791025,0.09265102,-0.0889281,
480.01,480,317548889,39688,MS,spoc,syn,6206.24513,100,4.21443166,0.1,0.16017057,0.06,6.316,0.03,6.071,0.04,6.01,0.033,7.144204,0.01,7.435607,0.01,6.7455945,0.01,18.309516,0.0416137,88.3786566,-16.26501,2.68598195,0.57542225,-0.5009333,-0.0075459,0.05681118,-0.0604754,54.6164072,24030.5498,-24030.55,0.16383786,0.07742394,-0.0696372,1.27929783,0.02819519,-0.0287569,1.48767667,0.04433805,-0.0338368,2.89704548,0.21771896,-0.1955071,4.19448237,0.02597702,-0.0265748,0.38383393,0.03002491,-0.0350565,6173.98339,89.9010698,-118.59062,0.26799206,0.29776325,6.86588082,1.3887E-05,-1.528E-05,1469.56591,0.00145953,-0.0012489,0.01757898,0.0005652,-0.0004749,0.50746752,0.19693277,-0.3264514,3.62394887,0.04629834,-0.0394071,0.28034143,0.28648715,-0.1667609,89.1761632,111.232996,-110.15947,2.85465432,0.11750306,-0.1058819,
509.01,509,453211454,63935,MS,spoc,syn,5534.64601,100,4.38054068,0.1,0.08931254,0.06,7.304,0.024,6.964,0.051,6.881,0.021,8.393526,0.01,8.779733,0.01,7.8839793,0.01,20.390229,0.04367687,117.924986,9.3860537,6.56033328,2.49717962,-2.4379375,-0.0093185,0.0520617,-0.0529226,49.0430985,22895.4135,-22895.414,0.10708302,0.05445609,-0.0567652,0.94055205,0.03416082,-0.0317933,0.95980568,0.01677006,-0.0166875,0.76815146,0.04486082,-0.0407649,4.44461295,0.02382572,-0.0241205,1.0542887,0.07674603,-0.071404,5512.65315,71.3189914,-72.802443,0.33852251,0.27485184,9.05880678,1.4991E-05,-1.463E-05,1494.44673,0.00091943,-0.0009261,0.02831988,0.00070999,-0.0005001,0.31475233,0.25172866,-0.2016269,3.70226862,0.04179904,-0.0378157,0.1655409,0.33810618,-0.1306679,91.9602422,133.988141,-137.74329,2.96786747,0.0907011,-0.0751992,
509.02,509,453211454,63935,MS,spoc,syn,5534.64601,100,4.38054068,0.1,0.08931254,0.06,7.304,0.024,6.964,0.051,6.881,0.021,8.393526,0.01,8.779733,0.01,7.8839793,0.01,20.390229,0.04367687,117.924986,9.3860537,6.56033328,2.49717962,-2.4379375,-0.0093185,0.0520617,-0.0529226,49.0430985,22895.4135,-22895.414,0.10708302,0.05445609,-0.0567652,0.94055205,0.03416082,-0.0317933,0.95980568,0.01677006,-0.0166875,0.76815146,0.04486082,-0.0407649,4.44461295,0.02382572,-0.0241205,1.0542887,0.07674603,-0.071404,5512.65315,71.3189914,-72.802443,0.33852251,0.27485184,21.4027365,0.00181962,-0.0018159,1504.13454,0.06292549,-0.0627856,0.0292387,0.00061935,-0.0005099,0.27513537,0.24576765,-0.1925357,5.42089444,0.06876019,-0.0582142,0.26338003,0.31855481,-0.1632182,193.030746,48.8788402,-254.66496,3.06276498,0.08534689,-0.0770885,
554.01,554,407966340,25463,MS,spoc,syn,6329.47216,100,4.31310361,0.1,-0.0302304,0.06,5.945,0.024,5.766,0.033,5.706,0.018,6.7761292,0.01,7.041237,0.01,6.4023724,0.01,21.892422,0.05962632,60.7479454,9.20848131,2.3264844,0.38396122,-0.3656455,0.01885725,0.04525313,-0.0466322,45.6779058,16771.1161,-16771.116,-0.0178141,0.05431393,-0.0618046,1.25097977,0.02484869,-0.0228589,1.41822347,0.02410245,-0.0229681,2.96972907,0.15838601,-0.1490757,4.22714231,0.01927655,-0.0144351,0.43257035,0.02774968,-0.0186142,6352.83727,84.999287,-76.969284,0.25930499,0.29641092,3.04405075,9.8694E-06,-7.694E-06,1438.47307,0.00203029,-0.0025504,0.0088193,0.00081822,-0.0005692,0.66570834,0.24438944,-0.4392531,1.36144695,0.05985648,-0.0561163,0.60050715,0.15954146,-0.3046027,91.6277592,88.8906854,-91.116048,1.36500732,0.12693621,-0.0913157,including 2nd planet from TFOP
554.02,554,407966340,25463,MS,spoc,syn,6329.47216,100,4.31310361,0.1,-0.0302304,0.06,5.945,0.024,5.766,0.033,5.706,0.018,6.7761292,0.01,7.041237,0.01,6.4023724,0.01,21.892422,0.05962632,60.7479454,9.20848131,2.3264844,0.38396122,-0.3656455,0.01885725,0.04525313,-0.0466322,45.6779058,16771.1161,-16771.116,-0.0178141,0.05431393,-0.0618046,1.25097977,0.02484869,-0.0228589,1.41822347,0.02410245,-0.0229681,2.96972907,0.15838601,-0.1490757,4.22714231,0.01927655,-0.0144351,0.43257035,0.02774968,-0.0186142,6352.83727,84.999287,-76.969284,0.25930499,0.29641092,7.04914216,9.5996E-06,-8.579E-06,1442.61823,0.00084126,-0.0009812,0.01666288,0.00063807,-0.0006336,0.66106788,0.1378493,-0.3968182,3.34509493,0.05165737,-0.0448212,0.30836486,0.2778803,-0.1940512,91.2228074,127.018806,-129.77542,2.57695721,0.11054345,-0.1039876,
561.01,561,377064495,T000561,MS,spoc,syn,5249.80153,100,4.42420048,0.1,-0.3325607,0.06,8.879,0.02,8.504,0.055,8.394,0.019,10.012788,0.01,10.411839,0.01,9.479198,0.01,11.62683,0.06687027,148.185621,6.21636787,16.1087518,2.39211948,-3.0981258,-0.0251055,0.04473323,-0.0431493,86.0079684,14954.33,-14954.33,-0.3032813,0.05800079,-0.0558932,0.76012682,0.02453353,-0.0186925,0.8565506,0.01434227,-0.0140985,0.53988024,0.02886236,-0.0269685,4.45085013,0.02095513,-0.0172348,1.1994572,0.07535493,-0.0630922,5342.13099,57.4390363,-54.258921,0.36348218,0.24099923,0.44656901,7.7859E-07,-7.741E-07,1517.9453,0.00070744,-0.0007535,0.01490796,0.00047541,-0.0004184,0.27857957,0.25637942,-0.1821875,1.34249662,0.02009727,-0.0195616,0.16154232,0.3677025,-0.1313912,92.3026386,134.203967,-138.37287,1.39296969,0.0509338,-0.0455593,
561.02,561,377064495,T000561,MS,spoc,syn,5249.80153,100,4.42420048,0.1,-0.3325607,0.06,8.879,0.02,8.504,0.055,8.394,0.019,10.012788,0.01,10.411839,0.01,9.479198,0.01,11.62683,0.06687027,148.185621,6.21636787,16.1087518,2.39211948,-3.0981258,-0.0251055,0.04473323,-0.0431493,86.0079684,14954.33,-14954.33,-0.3032813,0.05800079,-0.0558932,0.76012682,0.02453353,-0.0186925,0.8565506,0.01434227,-0.0140985,0.53988024,0.02886236,-0.0269685,4.45085013,0.02095513,-0.0172348,1.1994572,0.07535493,-0.0630922,5342.13099,57.4390363,-54.258921,0.36348218,0.24099923,10.7788513,3.131E-05,-3.067E-05,1527.06072,0.0021981,-0.002132,0.03152396,0.00135648,-0.0007951,0.32810441,0.32448067,-0.2207895,3.82303287,0.08123655,-0.073363,0.20648784,0.38776516,-0.1695907,86.3722794,148.942652,-141.98765,2.94790732,0.1374754,-0.0918126,
561.03,561,377064495,T000561,MS,spoc,syn,5249.80153,100,4.42420048,0.1,-0.3325607,0.06,8.879,0.02,8.504,0.055,8.394,0.019,10.012788,0.01,10.411839,0.01,9.479198,0.01,11.62683,0.06687027,148.185621,6.21636787,16.1087518,2.39211948,-3.0981258,-0.0251055,0.04473323,-0.0431493,86.0079684,14954.33,-14954.33,-0.3032813,0.05800079,-0.0558932,0.76012682,0.02453353,-0.0186925,0.8565506,0.01434227,-0.0140985,0.53988024,0.02886236,-0.0269685,4.45085013,0.02095513,-0.0172348,1.1994572,0.07535493,-0.0630922,5342.13099,57.4390363,-54.258921,0.36348218,0.24099923,25.7125552,0.00014346,-0.0001152,1521.88154,0.00397631,-0.0043025,0.02515127,0.00097137,-0.0008627,0.28543862,0.25946859,-0.1938415,5.06147427,0.11635824,-0.131256,0.16524246,0.3527325,-0.1317413,85.214806,142.102437,-131.89887,2.35066198,0.0988214,-0.09089,period was ambiguous before
669.01,669,124573851,T000669,MS,spoc,syn,5611.12579,100,4.41534521,0.1,-0.0160366,0.06,9.557,0.024,9.215,0.022,9.134,0.019,10.636426,0.01,11.010383,0.01,10.128901,0.01,6.970929,0.04135097,158.900659,-5.1816839,7.87120285,2.25318261,-2.2357416,0.03335883,0.05051427,-0.0516964,143.452908,24183.2324,-24183.232,0.00076599,0.05934224,-0.0599184,0.92450669,0.0326824,-0.0302549,0.9881994,0.01756891,-0.0174835,0.86573361,0.04838868,-0.0462031,4.41194743,0.02393729,-0.0236726,0.95047021,0.06867611,-0.06397,5597.22501,71.7875763,-72.374578,0.33241943,0.27565504,3.94515281,1.826E-05,-1.806E-05,1546.1419,0.00242953,-0.003115,0.02513246,0.00107736,-0.0009392,0.31553911,0.25136214,-0.2111528,2.8941561,0.09674319,-0.0962729,0.17294101,0.34619179,-0.1333602,94.9931007,130.686004,-140.95619,2.7101567,0.12686728,-0.1135418,period ambiguity
1136.01,1136,142276270,T001136,MS,spoc,syn,5812.75439,100,4.5677333,0.1,0.08850727,0.06,8.363,0.02,8.088,0.018,8.034,0.021,9.367894,0.01,9.715043,0.01,8.89203,0.01,11.80032,0.0219459,192.184889,64.8553193,0.68235274,0.85709276,-0.4383572,0.02223935,0.04009608,-0.0410307,84.7434661,45566.5915,-45566.592,0.07548676,0.05488253,-0.0554906,1.04036031,0.01738757,-0.0203996,0.9573332,0.01407095,-0.0136597,0.94008614,0.05014728,-0.048706,4.49199753,0.01010705,-0.0128167,1.17882041,0.04388114,-0.0472907,5805.32902,57.4071093,-57.561677,0.30027442,0.29521938,6.25689207,0.00017767,-0.0004551,1688.68417,0.10260466,-0.0388743,0.02334496,0.00071759,-0.0005422,0.30466207,0.27532353,-0.2127718,3.57642806,0.08759799,-0.0700157,0.34217042,0.31423981,-0.1868927,-27.65926,276.932758,-40.525441,2.43892439,0.08318452,-0.0676054,4-planet multi; high variability; TTVs
1136.02,1136,142276270,T001136,MS,spoc,syn,5812.75439,100,4.5677333,0.1,0.08850727,0.06,8.363,0.02,8.088,0.018,8.034,0.021,9.367894,0.01,9.715043,0.01,8.89203,0.01,11.80032,0.0219459,192.184889,64.8553193,0.68235274,0.85709276,-0.4383572,0.02223935,0.04009608,-0.0410307,84.7434661,45566.5915,-45566.592,0.07548676,0.05488253,-0.0554906,1.04036031,0.01738757,-0.0203996,0.9573332,0.01407095,-0.0136597,0.94008614,0.05014728,-0.048706,4.49199753,0.01010705,-0.0128167,1.17882041,0.04388114,-0.0472907,5805.32902,57.4071093,-57.561677,0.30027442,0.29521938,12.5186153,1.2438E-05,-1.212E-05,1686.06287,0.00044,-0.0004522,0.25182195,0.20862395,-0.1655913,0.25182195,0.20862395,-0.1655913,4.11422213,0.03336389,-0.0256867,0.13047231,0.30564985,-0.1068028,85.4870679,137.015365,-127.20357,4.54451595,0.09031101,-0.0824391,4-planet multi; high variability; TTVs
1136.03,1136,142276270,T001136,MS,spoc,syn,5812.75439,100,4.5677333,0.1,0.08850727,0.06,8.363,0.02,8.088,0.018,8.034,0.021,9.367894,0.01,9.715043,0.01,8.89203,0.01,11.80032,0.0219459,192.184889,64.8553193,0.68235274,0.85709276,-0.4383572,0.02223935,0.04009608,-0.0410307,84.7434661,45566.5915,-45566.592,0.07548676,0.05488253,-0.0554906,1.04036031,0.01738757,-0.0203996,0.9573332,0.01407095,-0.0136597,0.94008614,0.05014728,-0.048706,4.49199753,0.01010705,-0.0128167,1.17882041,0.04388114,-0.0472907,5805.32902,57.4071093,-57.561677,0.30027442,0.29521938,18.8069414,0.00012051,-0.0001087,1697.72986,0.00306768,-0.0027464,0.02133703,0.00065635,-0.0006349,0.26863494,0.25076633,-0.1775533,4.57523695,0.16832698,-0.1067327,0.15790721,0.3397492,-0.1243771,87.1113275,139.037042,-135.04372,2.22833703,0.07734778,-0.0726421,4-planet multi; high variability; TTVs
1136.04,1136,142276270,T001136,MS,spoc,syn,5812.75439,100,4.5677333,0.1,0.08850727,0.06,8.363,0.02,8.088,0.018,8.034,0.021,9.367894,0.01,9.715043,0.01,8.89203,0.01,11.80032,0.0219459,192.184889,64.8553193,0.68235274,0.85709276,-0.4383572,0.02223935,0.04009608,-0.0410307,84.7434661,45566.5915,-45566.592,0.07548676,0.05488253,-0.0554906,1.04036031,0.01738757,-0.0203996,0.9573332,0.01407095,-0.0136597,0.94008614,0.05014728,-0.048706,4.49199753,0.01010705,-0.0128167,1.17882041,0.04388114,-0.0472907,5805.32902,57.4071093,-57.561677,0.30027442,0.29521938,26.3178168,4.8922E-05,-4.951E-05,1699.37777,0.00109675,-0.0010855,0.03579099,0.00067125,-0.0005207,0.23510595,0.22552219,-0.1555555,5.20634012,0.05011649,-0.0453046,0.12550091,0.31853307,-0.1025178,103.806466,117.284697,-143.7381,3.73941897,0.08690681,-0.0777499,4-planet multi; high variability; TTVs
1173.01,1173,232967440,T001173,MS,spoc,syn,5339.7197,100,4.36074175,0.1,0.17738679,0.06,9.564,0.02,9.228,0.017,9.134,0.015,10.804076,0.01,11.23141,0.01,10.247243,0.01,7.526709,0.02602856,197.682344,70.7684102,5.87120275,2.43200016,-2.3866599,0.09454076,0.04910408,-0.0498069,132.8602,38419.3301,-38419.33,0.19104233,0.0607345,-0.0597402,0.94503809,0.03114839,-0.0291314,0.93608096,0.01532436,-0.0143081,0.67842135,0.03565875,-0.0319228,4.4683135,0.02223829,-0.0217049,1.14423394,0.07453982,-0.0731299,5414.60995,62.3560166,-65.499827,0.34533001,0.27457827,7.06439726,2.5496E-06,-2.52E-06,1688.71523,0.00021598,-0.0002115,0.08782875,0.00059836,-0.0006744,0.74470175,0.01587953,-0.0194582,2.55326871,0.01853049,-0.0187062,0.11532441,0.30299583,-0.0814376,95.3606499,95.91789,-105.54257,8.96250959,0.15515933,-0.1552821,
1174.01,1174,154089169,T001174,MS,spoc,syn,5115.67389,100,4.67733785,0.1,-0.0034904,0.06,9.467,0.017,9.031,0.019,8.964,0.022,10.807271,0.01,11.279174,0.01,10.204484,0.01,10.53776,0.02771578,209.218133,68.6180147,2.65890075,3.59505843,-1.8830234,0.09813911,0.04808568,-0.0489971,94.8968314,36080.5312,-36080.531,-0.0018093,0.06204728,-0.0622365,0.84254517,0.0203477,-0.0209294,0.78470527,0.02698429,-0.0212894,0.39450576,0.03469726,-0.0302004,4.57285645,0.02075216,-0.0329656,1.72842808,0.12993331,-0.1777376,5157.78743,59.4772707,-57.873332,0.37007439,0.26128487,8.9534576,1.5795E-05,-1.668E-05,1690.05726,0.00103484,-0.00097,0.02937411,0.00089384,-0.0007532,0.31584208,0.20594441,-0.2061525,3.01208109,0.04355218,-0.0409095,0.15790689,0.32239516,-0.1119586,92.6022314,120.112728,-125.2142,2.51607562,0.11082583,-0.1011845,
1180.01,1180,158002130,T001180,MS,spoc,emp,4697.5,110,,,-0.01,0.09,9.237,0.021,8.716,0.017,8.594,0.015,10.744546,0.01,11.315144,0.01,10.061392,0.01,13.855384,0.02532041,214.553098,82.1940436,5.02337266,6.27738215,-3.6185676,0.11386242,0.05566077,-0.0560344,72.1741072,39493.831,-39493.831,0.06686286,0.0827487,-0.0921806,0.77951213,0.02369499,-0.0268319,0.74247792,0.0238315,-0.0216384,0.26483344,0.02339471,-0.0191558,4.58711137,0.0238204,-0.0348969,1.88738275,0.15832468,-0.1953072,4803.91072,53.3295992,-52.750721,0.43778475,0.22450228,9.68675374,1.213E-05,-1.22E-05,1691.0488,0.00085497,-0.0008078,0.03764592,0.00133568,-0.0012138,0.51349885,0.15337594,-0.3055756,2.72234781,0.04175224,-0.0411444,0.21446995,0.30261511,-0.1390799,91.3880223,123.172141,-125.18796,3.04980232,0.14444321,-0.1323878,
1181.01,1181,229510866,T001181,SG,spoc,syn,6092.16363,100,4.00567044,0.1,0.41492713,0.06,9.547,0.02,9.327,0.017,9.22,0.015,10.477642,0.01,10.791861,0.01,10.034293,0.01,3.273995,0.0379024,297.215873,64.3543498,2.39965059,0.2759596,-0.251654,0.05653635,0.05361004,-0.0550137,305.437222,26383.555,-26383.555,0.39487687,0.05409827,-0.057816,1.45767377,0.02474434,-0.0257079,1.93223868,0.03929739,-0.0398476,4.49914822,0.27606827,-0.2634962,4.02764878,0.01683331,-0.0166346,0.2006062,0.01187242,-0.0113168,6045.66357,88.0879569,-84.25934,0.29194046,0.28992948,2.10319364,3.993E-07,-4.01E-07,1957.82136,0.00010615,-0.0001053,0.07665042,0.00022741,-0.0002385,0.29742208,0.03471546,-0.0429802,4.12425385,0.00763444,-0.0076634,0.07468438,0.29432972,-0.0583899,87.4150492,109.502011,-104.36701,16.1521424,0.33050083,-0.3327928,
1184.01,1184,233087860,T001184,MS,spoc,emp,4488,70,,,-0.09,0.09,8.981,0.024,8.439,0.02,8.317,0.019,10.622037,0.01,11.249124,0.01,9.895961,0.01,17.037479,0.02251581,272.203949,60.67819,5.26356547,6.59652027,-3.8543216,0.11855823,0.05453829,-0.0564539,58.6941305,44413.2388,-44413.239,0.01704983,0.08479518,-0.0936813,0.7271012,0.02390408,-0.0250468,0.69716947,0.02109576,-0.0218627,0.19926492,0.01602821,-0.0152231,4.61228937,0.02144708,-0.0293926,2.12981344,0.17229183,-0.1899527,4616.73002,47.4242189,-48.374016,0.50126556,0.15547838,5.74843203,3.8928E-06,-4.099E-06,1684.35943,0.00047355,-0.0004512,0.0313472,0.0011309,-0.0014606,0.6170333,0.11506759,-0.3568194,1.85994821,0.03190545,-0.0293119,0.28002095,0.27076792,-0.1968759,89.9268913,107.508608,-107.98737,2.37523153,0.12003915,-0.1201959,
1194.01,1194,147950620,T001194,MS,spoc,syn,5431.15978,100,4.37361316,0.1,0.33359866,0.06,9.791,0.021,9.42,0.017,9.34,0.015,10.988685,0.01,11.417354,0.01,10.432855,0.01,6.652689,0.02889427,167.820482,69.9647085,4.90807844,2.33546234,-2.1453024,0.05364526,0.05029724,-0.0504534,150.315164,34608.9407,-34608.941,0.34848195,0.05564005,-0.0578528,0.98349125,0.02983418,-0.0289543,0.96075609,0.015819,-0.014964,0.70582358,0.03651001,-0.0347541,4.46308819,0.02198384,-0.0219435,1.09852059,0.07384727,-0.0686473,5393.53967,64.5464403,-62.606194,0.34824655,0.27394492,2.31064458,5.4478E-07,-5.439E-07,1684.92352,0.00014403,-0.0001496,0.08329204,0.00053181,-0.0005265,0.82901075,0.01054848,-0.0129943,1.63004902,0.01066811,-0.0104311,0.0850945,0.28283309,-0.0661088,85.0578632,118.038102,-108.19428,8.72938502,0.1478394,-0.1485866,
1244.01,1244,219850915,T001244,MS,spoc,emp,4575,110,,,-0.04,0.09,10.075,0.021,9.53,0.021,9.422,0.02,11.676472,0.01,12.279165,0.01,10.9609995,0.01,9.722374,0.02266894,256.280253,69.5193793,5.89865533,6.7727137,-4.2290549,0.16420434,0.0582411,-0.0593486,102.85554,44113.2262,-44113.226,0.03359608,0.08649607,-0.0867422,0.75275853,0.0247998,-0.02653,0.72307027,0.02273824,-0.0219839,0.23477764,0.02040845,-0.0192216,4.59487392,0.0243983,-0.0333271,1.97196355,0.17155416,-0.1948088,4721.76586,55.283221,-54.604125,0.44257283,0.22103282,6.40029983,1.2587E-05,-1.529E-05,1684.94847,0.00158841,-0.0011019,0.03067287,0.00186867,-0.0012148,0.5183701,0.19248986,-0.3127215,2.27854031,0.07639531,-0.0533354,0.24570482,0.32809883,-0.1534847,89.6615613,127.256934,-126.0826,2.42528231,0.16090381,-0.1235249,
1246.01,1246,230127302,T001246,MS,spoc,syn,5158.8192,100,4.40275644,0.1,0.17391987,0.06,10.294,0.02,10.003,0.035,9.907,0.036,11.729137,0.01,12.195673,0.01,11.130174,0.01,5.873579,0.02319803,251.116488,70.429639,6.29436639,3.56567293,-3.2216194,0.14293972,0.05233334,-0.052169,170.253942,43107.1053,-43107.105,0.16836715,0.05708608,-0.0578775,0.8889088,0.03025992,-0.0302248,0.86485665,0.0186926,-0.0176653,0.4995774,0.03236712,-0.0294124,4.51020248,0.0265164,-0.028176,1.36066693,0.11176177,-0.1096431,5213.20913,70.5249384,-67.017858,0.37567588,0.25945994,4.30744047,4.788E-06,-4E-06,1686.56584,0.00073261,-0.0008563,0.03092326,0.00117308,-0.0008902,0.48890529,0.18092428,-0.3021849,2.19408571,0.04992257,-0.0345512,0.24615689,0.293912,-0.1523198,89.4795519,115.77547,-114.43736,2.92123328,0.12223785,-0.1058468,4-planet multi; TTVs
1246.02,1246,230127302,T001246,MS,spoc,syn,5158.8192,100,4.40275644,0.1,0.17391987,0.06,10.294,0.02,10.003,0.035,9.907,0.036,11.729137,0.01,12.195673,0.01,11.130174,0.01,5.873579,0.02319803,251.116488,70.429639,6.29436639,3.56567293,-3.2216194,0.14293972,0.05233334,-0.052169,170.253942,43107.1053,-43107.105,0.16836715,0.05708608,-0.0578775,0.8889088,0.03025992,-0.0302248,0.86485665,0.0186926,-0.0176653,0.4995774,0.03236712,-0.0294124,4.51020248,0.0265164,-0.028176,1.36066693,0.11176177,-0.1096431,5213.20913,70.5249384,-67.017858,0.37567588,0.25945994,5.90413688,1.342E-05,-1.525E-05,1683.46622,0.00172793,-0.0015056,0.02576468,0.00109029,-0.0007197,0.35925665,0.25907558,-0.2361423,2.88991812,0.06486537,-0.0850296,0.18849806,0.37129452,-0.1432716,80.4756867,145.217282,-128.08522,2.43318597,0.11528465,-0.0871189,4-planet multi; TTVs
1246.03,1246,230127302,T001246,MS,spoc,syn,5158.8192,100,4.40275644,0.1,0.17391987,0.06,10.294,0.02,10.003,0.035,9.907,0.036,11.729137,0.01,12.195673,0.01,11.130174,0.01,5.873579,0.02319803,251.116488,70.429639,6.29436639,3.56567293,-3.2216194,0.14293972,0.05233334,-0.052169,170.253942,43107.1053,-43107.105,0.16836715,0.05708608,-0.0578775,0.8889088,0.03025992,-0.0302248,0.86485665,0.0186926,-0.0176653,0.4995774,0.03236712,-0.0294124,4.51020248,0.0265164,-0.028176,1.36066693,0.11176177,-0.1096431,5213.20913,70.5249384,-67.017858,0.37567588,0.25945994,18.6548745,5.2627E-05,-5.627E-05,1688.976,0.00223532,-0.0020274,0.03632766,0.00109494,-0.0008985,0.41220768,0.20033999,-0.2693648,3.96366071,0.08181153,-0.0728804,0.19748218,0.32715738,-0.1279269,86.0076985,124.581498,-118.49562,3.42876047,0.1301443,-0.1099172,4-planet multi; TTVs
1246.04,1246,230127302,T001246,MS,spoc,syn,5158.8192,100,4.40275644,0.1,0.17391987,0.06,10.294,0.02,10.003,0.035,9.907,0.036,11.729137,0.01,12.195673,0.01,11.130174,0.01,5.873579,0.02319803,251.116488,70.429639,6.29436639,3.56567293,-3.2216194,0.14293972,0.05233334,-0.052169,170.253942,43107.1053,-43107.105,0.16836715,0.05708608,-0.0578775,0.8889088,0.03025992,-0.0302248,0.86485665,0.0186926,-0.0176653,0.4995774,0.03236712,-0.0294124,4.51020248,0.0265164,-0.028176,1.36066693,0.11176177,-0.1096431,5213.20913,70.5249384,-67.017858,0.37567588,0.25945994,37.925471,0.00015723,-0.0001489,1700.69133,0.00355891,-0.003254,0.03764079,0.00313444,-0.0018282,0.59465294,0.22286468,-0.3740191,3.53100159,0.15608148,-0.1239937,0.39512844,0.23503771,-0.2215648,89.2548243,105.673831,-103.76747,3.55715475,0.30241525,-0.190506,4-planet multi; TTVs
1247.01,1247,232540264,135694,MS,spoc,syn,5651.61158,100,4.29887277,0.1,-0.1316068,0.06,7.871,0.024,7.546,0.021,7.502,0.023,8.913071,0.01,9.270011,0.01,8.429168,0.01,13.508156,0.0261256,227.870476,71.8409509,9.82786556,1.98006175,-1.9986305,0.02044206,0.0491286,-0.0495885,74.0293507,38276.6266,-38276.627,-0.1211876,0.06122173,-0.0593356,0.91304203,0.03255978,-0.0297028,1.07256843,0.01917736,-0.0191929,1.09533401,0.06276139,-0.0581794,4.33518501,0.0235175,-0.0229519,0.73297161,0.05275651,-0.047187,5697.91129,75.5323087,-72.924091,0.30530866,0.28843013,15.9234594,3.9039E-05,-3.467E-05,1687.64955,0.00114572,-0.0012684,0.02186525,0.00109253,-0.0006032,0.48730026,0.23501625,-0.317368,4.40130851,0.07608416,-0.0545389,0.2537996,0.35408038,-0.1605779,85.4280519,136.068447,-128.0567,2.56214105,0.13261408,-0.0856827,
1248.01,1248,232612416,T001248,MS,spoc,syn,5267.17337,100,4.4492727,0.1,0.22066775,0.06,10.365,0.022,9.939,0.023,9.87,0.016,11.651151,0.01,12.105682,0.01,11.068388,0.01,5.897571,0.0208974,259.023619,63.105956,5.48954254,3.01879939,-2.7288614,0.04519067,0.04952451,-0.050284,169.561332,47852.8338,-47852.834,0.22284274,0.05705615,-0.0556689,0.904221,0.02731048,-0.0275318,0.86855789,0.01334839,-0.0133681,0.50084148,0.02509495,-0.0250521,4.5145176,0.02239999,-0.0223267,1.36963494,0.09114749,-0.086781,5205.39999,56.3506883,-61.986161,0.37567588,0.25945994,4.3601561,1.1281E-06,-1.139E-06,1687.12116,0.00016301,-0.0001625,0.07201072,0.00055112,-0.0006036,0.60403295,0.0281416,-0.034615,2.31395689,0.01314635,-0.0132935,0.10689272,0.30254354,-0.0799895,90.1194288,105.710126,-106.34601,6.81864901,0.11929328,-0.1184327,
1249.01,1249,232976128,T001249,MS,spoc,syn,5501.86876,100,4.34559865,0.1,0.28679117,0.06,9.536,0.021,9.204,0.017,9.126,0.022,10.698711,0.01,11.101602,0.01,10.164252,0.01,7.140135,0.02727626,200.561735,66.3087325,4.01673884,2.27207333,-1.9567127,0.04889025,0.04966606,-0.050868,140.053365,36661.9239,-36661.924,0.29715456,0.05709159,-0.0589763,1.00617202,0.03183995,-0.0317872,0.97852242,0.01754181,-0.0164002,0.79234899,0.04108647,-0.0425897,4.45704337,0.02290111,-0.0234986,1.06386114,0.07468166,-0.0711883,5496.88276,68.691744,-66.756132,0.34468493,0.2732181,13.0791493,5.4374E-05,-7.784E-05,1694.38044,0.00218488,-0.0021507,0.02973761,0.001725,-0.0013676,0.61181487,0.16714741,-0.3742203,3.03814123,0.14660362,-0.1236515,0.32209958,0.26845891,-0.2005744,91.4800342,116.042063,-117.6005,3.17885534,0.18540943,-0.1609163,
1255.01,1255,237222864,HIP97166,MS,spoc,syn,5214.71712,100,4.45117115,0.1,0.27525581,0.06,8.386,0.021,8.008,0.016,7.923,0.02,9.684426,0.01,10.151102,0.01,9.097085,0.01,15.134055,0.0231171,296.244328,74.0627371,1.16498567,1.48398423,-0.7838293,0.06135408,0.04510995,-0.0456227,66.0761456,43258.0203,-43258.02,0.24809985,0.08092194,-0.0513549,0.93420715,0.01580499,-0.0183805,0.84183366,0.01228242,-0.0101899,0.47347722,0.02475258,-0.023292,4.55700897,0.00936207,-0.0131022,1.55544108,0.05370847,-0.0605424,5216.03055,52.1434254,-52.250997,0.37567588,0.25945994,10.2888872,6.2194E-06,-7.085E-06,1691.65439,0.0003663,-0.0003716,0.02726755,0.00117477,-0.0006075,0.37847,0.27970476,-0.2565364,1.5413708,0.02249594,-0.0167823,0.59613981,0.18309299,-0.0959519,89.2951591,80.9195137,-79.645016,2.50849325,0.108103,-0.0692555,
1269.01,1269,198241702,T001269,MS,spoc,syn,5461.91564,100,4.55905365,0.1,-0.0572154,0.06,10.303,0.02,9.952,0.018,9.89,0.019,11.471239,0.01,11.867782,0.01,10.9441395,0.01,5.780431,0.02321904,249.697041,64.5587166,3.05750722,2.30576757,-1.802195,0.06098979,0.04498519,-0.0472875,172.997475,43068.1085,-43068.108,-0.0491021,0.05760646,-0.056945,0.90266546,0.02485254,-0.026209,0.85210624,0.01443656,-0.0130737,0.60333895,0.03302252,-0.031327,4.5308206,0.01850835,-0.0213715,1.44912782,0.08382449,-0.0883905,5499.49713,63.1663043,-60.344284,0.33628299,0.27515554,4.25299127,6.879E-06,-6.154E-06,1686.60585,0.00092311,-0.0010968,0.0257738,0.00089312,-0.0006063,0.30570173,0.27465067,-0.1990321,2.6092524,0.05437921,-0.0389683,0.17762607,0.36000876,-0.143722,90.0110296,139.607506,-139.29502,2.39806716,0.09109237,-0.0701836,
1269.02,1269,198241702,T001269,MS,spoc,syn,5461.91564,100,4.55905365,0.1,-0.0572154,0.06,10.303,0.02,9.952,0.018,9.89,0.019,11.471239,0.01,11.867782,0.01,10.9441395,0.01,5.780431,0.02321904,249.697041,64.5587166,3.05750722,2.30576757,-1.802195,0.06098979,0.04498519,-0.0472875,172.997475,43068.1085,-43068.108,-0.0491021,0.05760646,-0.056945,0.90266546,0.02485254,-0.026209,0.85210624,0.01443656,-0.0130737,0.60333895,0.03302252,-0.031327,4.5308206,0.01850835,-0.0213715,1.44912782,0.08382449,-0.0883905,5499.49713,63.1663043,-60.344284,0.33628299,0.27515554,9.23788422,2.6138E-05,-2.704E-05,1685.97704,0.00224325,-0.0017801,0.02453417,0.00130964,-0.0009947,0.53143258,0.18406241,-0.3320661,2.72123785,0.07758716,-0.0756525,0.26526818,0.3045196,-0.1666375,90.3037975,120.199158,-121.69656,2.2827304,0.12759213,-0.1012223,
1272.01,1272,417948359,T001272,MS,spoc,syn,5091.44847,100,4.5541494,0.1,0.2067749,0.06,10.218,0.019,9.793,0.029,9.701,0.02,11.599977,0.01,12.099912,0.01,10.975518,0.01,7.240032,0.02108045,199.196626,49.861039,1.14687241,1.59704875,-0.7933929,0.08962964,0.04716746,-0.0476427,138.120944,47437.3126,-47437.313,0.18176375,0.05425268,-0.0558169,0.87723527,0.01454237,-0.0164455,0.79339282,0.01023771,-0.0095531,0.37479064,0.01918533,-0.0191143,4.58170167,0.00867168,-0.0123954,1.74837093,0.05431716,-0.0644823,5065.40243,52.4882295,-50.101957,0.40114407,0.24425665,3.31597639,2.7727E-06,-2.839E-06,1713.03124,0.00036318,-0.000363,0.04752269,0.00130649,-0.0009824,0.31962583,0.25489755,-0.2226055,1.51946647,0.03204467,-0.0218651,0.41526651,0.25688899,-0.1091726,91.5052724,84.8920009,-86.947181,4.11245166,0.12365036,-0.0984309,
1279.01,1279,224297258,T001279,MS,spoc,syn,5414.13692,100,4.53202833,0.1,-0.0966917,0.06,9.334,0.022,8.968,0.019,8.887,0.015,10.478454,0.01,10.875337,0.01,9.946281,0.01,9.312092,0.02467007,185.063883,56.2011485,4.1821358,2.5007239,-2.18946,0.03608928,0.04793658,-0.0500335,107.387252,40534.9424,-40534.942,-0.0791422,0.05568566,-0.0589658,0.87842748,0.02670124,-0.0253128,0.84259622,0.01380705,-0.0128342,0.57084546,0.02966257,-0.0288099,4.52862607,0.02060743,-0.0225516,1.45740402,0.0892944,-0.0912212,5457.40199,66.6115362,-67.900879,0.33193295,0.27706544,9.61419051,3.9894E-05,-3.142E-05,1717.48135,0.00225527,-0.0034022,0.0270038,0.00180272,-0.0010748,0.52208494,0.20810253,-0.3188752,2.87088988,0.09833465,-0.1341328,0.26040093,0.36223508,-0.1610384,92.4104409,127.528319,-130.67655,2.48484219,0.17006068,-0.1090272,
1288.01,1288,365733349,T001288,MS,spoc,syn,5357.10709,100,4.31340355,0.1,0.25713791,0.06,9.193,0.02,8.842,0.031,8.779,0.021,10.446776,0.01,10.871601,0.01,9.881415,0.01,8.677007,0.02417701,313.166579,65.6090787,6.48046376,2.60059288,-2.5113474,0.083848,0.05171149,-0.0519177,115.247116,41361.601,-41361.601,0.25737495,0.05782214,-0.0575388,0.9552389,0.03194002,-0.0303945,0.95827612,0.01658973,-0.0166743,0.70005659,0.03810313,-0.0357309,4.45264193,0.02385437,-0.023419,1.07608006,0.07779145,-0.0722648,5388.14948,68.3499632,-66.222011,0.34824655,0.27394492,2.69982869,5.0037E-06,-5.049E-06,1712.35879,0.00025337,-0.0002588,0.04810176,0.00065504,-0.0005419,0.31636161,0.13225088,-0.1963155,2.38950363,0.01839337,-0.0158009,0.13338597,0.30831921,-0.0921595,89.4249237,112.380674,-110.84766,5.03049846,0.10814448,-0.1034028,
1294.01,1294,219015370,T001294,SG,spoc,syn,5710.81495,100,4.02406051,0.1,0.28391668,0.06,10.337,0.019,10.012,0.017,9.964,0.02,11.399753,0.01,11.764373,0.01,10.8971195,0.01,2.977354,0.02050421,223.092886,70.4765683,6.22257049,1.41077133,-1.4414207,0.05389149,0.04263886,-0.0519196,335.86872,48770.4738,-48770.474,0.28341212,0.06035959,-0.0591572,1.15777908,0.06379879,-0.0508117,1.55656936,0.02973652,-0.0265769,2.3356202,0.12330905,-0.1276968,4.1188839,0.02236733,-0.0304542,0.30626889,0.02090079,-0.0233616,5718.3931,58.112205,-77.89321,0.32079323,0.27777425,3.91529295,1.5218E-05,-1.497E-05,2393.00709,0.00066975,-0.000676,0.05984946,0.0007469,-0.0007135,0.85594871,0.01323588,-0.0178899,3.04293849,0.04466546,-0.0453431,0.24685944,0.29648197,-0.1189371,14.2533153,224.524901,-73.36818,10.164339,0.2239065,-0.2211566,
1296.01,1296,219854185,T001296,SG,spoc,syn,5561.55037,100,3.8866351,0.1,0.41952561,0.06,10.15,0.018,9.837,0.017,9.742,0.016,11.291242,0.01,11.689554,0.01,10.754455,0.01,3.064747,0.02679323,256.77091,70.2385099,7.06192528,0.62181327,-0.7180067,0.07596915,0.05568479,-0.0529051,326.291206,37322.8652,-37322.865,0.4045661,0.05866288,-0.0180773,1.15761891,0.02768511,-0.0227383,1.70311843,0.03297079,-0.0302535,2.52062199,0.14459326,-0.1342776,4.03485602,0.02256316,-0.0163578,0.23262351,0.01667419,-0.0140251,5567.14922,77.7533395,-72.464088,0.34846967,0.26719293,3.94437359,1.552E-06,-1.522E-06,1930.7553,0.00021464,-0.0002112,0.07592685,0.00046734,-0.000403,0.22423671,0.08375205,-0.1216689,4.86511329,0.0177229,-0.0162713,0.08448421,0.29477759,-0.0646746,90.7718334,108.352951,-109.96645,14.1100599,0.27255187,-0.271499,
1298.01,1298,237104103,T001298,SG,spoc,syn,5790.33004,100,4.00760371,0.1,0.41276045,0.06,10.385,0.021,10.105,0.017,10.012,0.016,11.403778,0.01,11.760255,0.01,10.910546,0.01,3.105601,0.0193995,241.323364,70.1898505,4.29787199,1.73753164,-0.6319968,0.02564402,0.05034044,-0.0627411,321.998894,51547.7244,-51547.724,0.396536,0.06138223,-0.0578377,1.21866229,0.02463066,-0.0568365,1.45355445,0.02745676,-0.0238522,2.09192504,0.09882973,-0.1213863,4.19385221,0.01954331,-0.0240593,0.38986814,0.02472641,-0.0273293,5752.46098,68.8267896,-98.839979,0.31729855,0.27851294,4.53714314,2.5277E-06,-2.498E-06,1934.12245,0.00031996,-0.0003212,0.06097904,0.00050978,-0.0004528,0.28014602,0.11265424,-0.1664125,4.02713446,0.02206712,-0.0191161,0.13164107,0.30111565,-0.0885679,91.3818708,100.760074,-103.01663,9.66891207,0.18783278,-0.1840406,
1339.01,1339,269701147,191939,MS,spoc,syn,5350.73588,100,4.32305715,0.1,-0.1452176,0.06,7.597,0.029,7.215,0.023,7.18,0.021,8.774761,0.01,9.173243,0.01,8.248106,0.01,18.624681,0.02528271,302.023979,66.8505765,13.886715,2.84512549,-2.7300543,-0.008169,0.05075577,-0.0486764,53.6921947,39552.7305,-39552.73,-0.1375497,0.06168352,-0.0604034,0.82223104,0.02683018,-0.0261059,0.93397756,0.01614244,-0.0159626,0.66400013,0.03612998,-0.0340288,4.40960881,0.02311805,-0.0225265,0.99888501,0.07175265,-0.0633166,5385.47759,69.0704594,-64.195837,0.33549457,0.27779226,8.88032298,4.4547E-06,-4.587E-06,1715.35572,0.00027515,-0.000267,0.03298123,0.00068249,-0.0005078,0.40347901,0.15870177,-0.2460712,3.05753179,0.02440963,-0.0176545,0.25559556,0.29731807,-0.1317314,89.7891959,93.6236364,-93.359755,3.36391323,0.0841741,-0.0787363,
1339.02,1339,269701147,191939,MS,spoc,syn,5350.73588,100,4.32305715,0.1,-0.1452176,0.06,7.597,0.029,7.215,0.023,7.18,0.021,8.774761,0.01,9.173243,0.01,8.248106,0.01,18.624681,0.02528271,302.023979,66.8505765,13.886715,2.84512549,-2.7300543,-0.008169,0.05075577,-0.0486764,53.6921947,39552.7305,-39552.73,-0.1375497,0.06168352,-0.0604034,0.82223104,0.02683018,-0.0261059,0.93397756,0.01614244,-0.0159626,0.66400013,0.03612998,-0.0340288,4.40960881,0.02311805,-0.0225265,0.99888501,0.07175265,-0.0633166,5385.47759,69.0704594,-64.195837,0.33549457,0.27779226,28.5798896,3.3682E-05,-3.386E-05,1726.05529,0.00064288,-0.0006527,0.03145035,0.00075563,-0.0009729,0.59625308,0.09759977,-0.2619248,4.48119662,0.06086716,-0.0572894,0.22081173,0.29504244,-0.1533762,92.3528303,117.872219,-122.10262,3.2010327,0.09916569,-0.1040542,
1339.03,1339,269701147,191939,MS,spoc,syn,5350.73588,100,4.32305715,0.1,-0.1452176,0.06,7.597,0.029,7.215,0.023,7.18,0.021,8.774761,0.01,9.173243,0.01,8.248106,0.01,18.624681,0.02528271,302.023979,66.8505765,13.886715,2.84512549,-2.7300543,-0.008169,0.05075577,-0.0486764,53.6921947,39552.7305,-39552.73,-0.1375497,0.06168352,-0.0604034,0.82223104,0.02683018,-0.0261059,0.93397756,0.01614244,-0.0159626,0.66400013,0.03612998,-0.0340288,4.40960881,0.02311805,-0.0225265,0.99888501,0.07175265,-0.0633166,5385.47759,69.0704594,-64.195837,0.33549457,0.27779226,38.3525585,8.2721E-05,-8.387E-05,1743.55309,0.00102744,-0.0010163,0.03195063,0.00083544,-0.0012319,0.77686589,0.05305582,-0.1248084,5.75799899,0.10888431,-0.1144441,0.51669591,0.22465201,-0.2422149,43.2523193,214.010512,-120.50413,3.25004964,0.10537925,-0.1348512,
1347.01,1347,229747848,T001347,MS,spoc,syn,5468.50252,100,4.63559021,0.1,0.04865358,0.06,10.011,0.02,9.683,0.021,9.616,0.015,11.208687,0.01,11.611573,0.01,10.663833,0.01,6.752329,0.0475906,280.326761,70.2899407,0.83155199,1.11244931,-0.5539288,0.08198491,0.04207982,-0.0423695,148.097043,21012.5512,-21012.551,0.0165352,0.05697243,-0.0545062,0.92788444,0.01547072,-0.0171177,0.84009027,0.01227686,-0.0111091,0.58065515,0.02995107,-0.0284835,4.55565138,0.00902012,-0.0117033,1.55212142,0.05680867,-0.0551891,5493.05615,53.7694928,-55.151792,0.33628299,0.27515554,0.8474244,5.9134E-07,-6.724E-07,1683.55882,0.00036278,-0.0003584,0.01953902,0.00103795,-0.0006219,0.51270235,0.27497965,-0.3344566,0.88640993,0.02422567,-0.0160629,0.43532553,0.24406574,-0.2067185,86.3635926,94.8192999,-90.463804,1.79262364,0.09374044,-0.0655919,
1347.02,1347,229747848,T001347,MS,spoc,syn,5468.50252,100,4.63559021,0.1,0.04865358,0.06,10.011,0.02,9.683,0.021,9.616,0.015,11.208687,0.01,11.611573,0.01,10.663833,0.01,6.752329,0.0475906,280.326761,70.2899407,0.83155199,1.11244931,-0.5539288,0.08198491,0.04207982,-0.0423695,148.097043,21012.5512,-21012.551,0.0165352,0.05697243,-0.0545062,0.92788444,0.01547072,-0.0171177,0.84009027,0.01227686,-0.0111091,0.58065515,0.02995107,-0.0284835,4.55565138,0.00902012,-0.0117033,1.55212142,0.05680867,-0.0551891,5493.05615,53.7694928,-55.151792,0.33628299,0.27515554,4.8419679,2.4539E-05,-2.512E-05,1683.3484,0.00259333,-0.0030941,0.01739488,0.00088409,-0.0007971,0.50681283,0.2017365,-0.3316842,2.1070353,0.08939792,-0.1048288,0.27055382,0.31092852,-0.1651564,88.7978683,119.186475,-117.13838,1.5936625,0.08462896,-0.0759004,
1386.01,1386,343019899,T001386,MS,qlp,syn,5821.55778,100,4.38726006,0.1,0.15499548,0.06,9.478,0.027,9.124,0.027,9.086,0.019,10.506928,0.01,10.865255,0.01,10.015827,0.01,6.780551,0.03145766,334.503697,54.3189996,3.23604029,1.91463911,-1.58582,0.0417625,0.05083957,-0.052092,147.48064,31788.7613,-31788.761,0.14903228,0.05896183,-0.0584124,1.03632188,0.034857,-0.0351729,1.02346889,0.0180308,-0.0166623,1.02350471,0.05982317,-0.0564237,4.4311054,0.0224324,-0.0237787,0.95745837,0.06501329,-0.0641236,5734.58043,75.1162897,-76.676462,0.31120545,0.28732271,25.8397382,0.00289302,-0.0027694,1752.32132,0.0020377,-0.0020765,0.05649518,0.00152381,-0.0012335,0.28807192,0.27391927,-0.1967526,5.69951902,0.15155026,-0.1157729,0.17392148,0.3506701,-0.1393133,87.1255665,143.061064,-137.40447,6.30966717,0.20020408,-0.1739572,standard SPOC data was unavailable; former single-transit
1410.01,1410,199444169,T001410,MS,spoc,emp,4506,90,,,0.165,0.09,9.251,0.022,8.705,0.023,8.577,0.02,10.87459,0.01,11.514201,0.01,10.142428,0.01,13.716612,0.03007694,334.883243,42.5602694,6.59771802,6.61544324,-4.6307085,0.12283926,0.0598159,-0.0609922,72.9043011,33248.064,-33248.064,0.32832822,0.07704825,-0.0918164,0.79410729,0.02086191,-0.0225256,0.75578033,0.02401432,-0.0199521,0.23853208,0.02065972,-0.0180909,4.57882371,0.02542362,-0.0360569,1.82149291,0.15503884,-0.1955941,4635.45604,52.4566904,-51.832981,0.45471116,0.21600307,1.21687582,6.9493E-05,-7.554E-05,1739.72934,0.00070904,-0.0007268,0.03712235,0.00208919,-0.0015787,0.53655021,0.21196996,-0.3512565,1.12526206,0.0453214,-0.032457,0.34351996,0.25760605,-0.197733,91.7018669,100.494223,-103.08996,3.0660976,0.18616606,-0.1616065,
1411.01,1411,116483514,GJ9522A,MS,spoc,emp,4182.5,70,,,-0.1,0.09,7.998,0.019,7.372,0.021,7.25,0.021,9.87723,0.01,10.650021,0.01,9.055426,0.01,30.76132,0.02117869,232.945069,47.0568358,9.633377,6.58733811,-6.2693702,-0.1265855,0.07123155,-0.0663453,32.5083576,47217.2823,-47217.282,0.0119097,0.07068825,-0.0747141,0.6044737,0.0148028,-0.0129434,0.61397151,0.0185185,-0.0169482,0.09712755,0.0086914,-0.0071041,4.63956529,0.01528782,-0.0160151,2.57721501,0.16651247,-0.1649735,4115.33785,41.8545647,-45.031668,0.38428834,0.26111653,1.45205268,1.6536E-06,-1.712E-06,1739.47403,0.00045961,-0.0004628,0.01796102,0.00048864,-0.0004604,0.26116513,0.25035704,-0.1751839,1.51097079,0.02069008,-0.018505,0.15354888,0.33730047,-0.1247032,86.8353769,138.561344,-133.66573,1.20240345,0.04894069,-0.0460772,
1422.01,1422,333473672,T001422,MS,spoc,syn,5852.56976,100,4.40860363,0.1,-0.0303604,0.06,9.585,0.022,9.275,0.03,9.19,0.022,10.552098,0.01,10.884843,0.01,10.082908,0.01,6.416931,0.02720675,354.241207,39.6394131,4.60702386,2.01056349,-1.7918016,0.01442108,0.05109417,-0.0522545,155.837747,36755.5875,-36755.588,-0.027532,0.05999424,-0.060624,0.99026648,0.03579472,-0.0355013,1.02346076,0.0182885,-0.0182213,1.0789722,0.06386268,-0.0597385,4.41176627,0.02402183,-0.0249913,0.91655686,0.06648318,-0.0642119,5810.9351,81.9339901,-80.898945,0.29846673,0.29505644,12.996851,0.00176426,-0.0018882,1745.92217,0.00346427,-0.0028339,0.03589537,0.001282,-0.0010645,0.30748809,0.27522501,-0.1948525,4.4392632,0.1191638,-0.0920548,0.17552659,0.36222869,-0.140365,87.3676147,141.522036,-136.34417,4.00744569,0.166025,-0.1369959,
1430.01,1430,293954617,235088,MS,spoc,syn,5134.76441,100,4.67262825,0.1,0.09092648,0.06,7.646,0.037,7.224,0.034,7.084,0.016,8.942709,0.01,9.423989,0.01,8.344076,0.01,24.260253,0.0242422,300.614264,53.3768155,3.39751346,4.33599918,-2.3881279,0.03909616,0.05366651,-0.0547703,41.2196857,41250.3764,-41250.376,0.10535296,0.05798199,-0.0585577,0.85306229,0.0209998,-0.0229158,0.79840249,0.02790378,-0.0215196,0.38675498,0.03691321,-0.0311693,4.5628505,0.02277185,-0.0361733,1.66022627,0.13311669,-0.1831914,5086.6975,62.7199937,-59.602433,0.39843097,0.24524364,7.43415057,1.794E-05,-1.685E-05,1713.0811,0.00085739,-0.0008235,0.02412251,0.00102017,-0.0007102,0.4431461,0.20630964,-0.2746695,2.68983128,0.05196315,-0.04779,0.20982282,0.33164127,-0.1397321,87.8409838,129.422101,-125.94999,2.10606026,0.10978823,-0.0923851,
1436.01,1436,154383539,T001436,MS,spoc,syn,5010.8499,100,4.65583898,0.1,-0.1325811,0.06,10.29,0.021,9.821,0.018,9.719,0.02,11.65763,0.01,12.142073,0.01,11.036805,0.01,7.569883,0.02611035,215.602457,55.3336741,5.92562894,5.9262996,-4.0267604,0.07415952,0.0506995,-0.0514513,132.102444,38298.9832,-38298.983,-0.1308919,0.05746915,-0.0565558,0.77472017,0.02253202,-0.0252722,0.74629333,0.02976039,-0.0241834,0.32372866,0.03051522,-0.029417,4.57724684,0.03093581,-0.0409849,1.83281388,0.19755463,-0.2261251,5029.0285,58.2258055,-57.028842,0.3926232,0.24770663,0.86761654,2.9304E-06,-3.468E-06,1711.89626,0.00134926,-0.0011044,0.01866217,0.00098672,-0.0009142,0.3874603,0.23281791,-0.2560253,1.31114643,0.04821005,-0.0493533,0.19823191,0.34100324,-0.1384077,88.3945336,128.175965,-125.76183,1.51796351,0.09880766,-0.0909383,
1437.01,1437,198356533,154840,MS,spoc,syn,6049.56348,100,4.33584004,0.1,-0.1771928,0.06,8.177,0.027,7.864,0.017,7.817,0.021,9.079278,0.01,9.385961,0.01,8.654536,0.01,9.651911,0.01699098,256.138667,56.8426359,6.71163786,1.43370462,-1.3099046,0.00182196,0.04985463,-0.0503547,103.606421,58854.7562,-58854.756,-0.1587732,0.02548393,-0.0530358,1.0119579,0.03723459,-0.0363607,1.25894604,0.0221728,-0.0215776,1.83812115,0.11046201,-0.0988943,4.24106693,0.02308971,-0.0235368,0.5023904,0.03553825,-0.0331236,5985.92335,82.5519195,-81.848559,0.28136501,0.28867659,18.8407821,9.5901E-05,-0.0001214,1700.73517,0.00263092,-0.0027491,0.01773305,0.00052813,-0.0003923,0.26780906,0.29553574,-0.1850442,6.23772439,0.10972602,-0.0928827,0.19506425,0.35597535,-0.1565261,85.5927026,149.731215,-140.42529,2.43706442,0.08472538,-0.0696759,
1438.01,1438,229650439,T001438,MS,spoc,syn,5221.88763,100,4.53517803,0.1,0.08452297,0.06,9.584,0.018,9.191,0.017,9.09,0.02,10.854948,0.01,11.302974,0.01,10.275943,0.01,9.019772,0.02032734,280.924167,74.9376032,2.23280498,2.23509928,-1.4577846,0.05875016,0.04628249,-0.0467622,110.867549,49194.832,-49194.832,0.08284704,0.05204181,-0.0521945,0.88589972,0.01855197,-0.0213425,0.81721705,0.01097505,-0.0125285,0.45181006,0.02372234,-0.0218628,4.56089348,0.01371875,-0.0185043,1.62131964,0.07136447,-0.0900974,5237.40212,55.6952889,-55.354353,0.37248469,0.26061801,5.13966224,6.5214E-06,-6.621E-06,1683.62648,0.00069108,-0.0007061,0.03330514,0.0019747,-0.0023734,0.94599815,0.01168651,-0.060205,0.9887516,0.05790651,-0.086827,0.29612689,0.36695302,-0.2084443,88.1805063,101.991592,-101.00107,2.96698823,0.18238952,-0.2167311,
1438.02,1438,229650439,T001438,MS,spoc,syn,5221.88763,100,4.53517803,0.1,0.08452297,0.06,9.584,0.018,9.191,0.017,9.09,0.02,10.854948,0.01,11.302974,0.01,10.275943,0.01,9.019772,0.02032734,280.924167,74.9376032,2.23280498,2.23509928,-1.4577846,0.05875016,0.04628249,-0.0467622,110.867549,49194.832,-49194.832,0.08284704,0.05204181,-0.0521945,0.88589972,0.01855197,-0.0213425,0.81721705,0.01097505,-0.0125285,0.45181006,0.02372234,-0.0218628,4.56089348,0.01371875,-0.0185043,1.62131964,0.07136447,-0.0900974,5237.40212,55.6952889,-55.354353,0.37248469,0.26061801,9.42807131,1.4943E-05,-1.577E-05,1689.91614,0.00099464,-0.0010515,0.0274579,0.00265767,-0.00183,0.70199402,0.18966762,-0.4572485,1.43762821,0.10941497,-0.0576091,0.55161753,0.18473764,-0.3113694,90.5210463,91.3192009,-90.165663,2.44539237,0.23926184,-0.1640597,
1439.01,1439,232982558,T001439,SG,spoc,syn,5835.80688,100,4.00421541,0.1,0.21219968,0.06,9.394,0.02,9.126,0.019,9.053,0.015,10.416841,0.01,10.7638035,0.01,9.944463,0.01,4.313703,0.04367424,241.763944,67.8777292,4.58009575,1.58964191,-0.7282714,0.05384777,0.04465848,-0.0461184,231.819404,22896.7903,-22896.79,0.22618022,0.058143,-0.0663314,1.23129511,0.03505832,-0.0772614,1.61844005,0.02775595,-0.0283302,2.75968178,0.14033816,-0.1445763,4.10622111,0.0207772,-0.027191,0.28689083,0.017331,-0.0198042,5840.81793,63.2291806,-64.580131,0.31453851,0.27872055,27.6439957,0.00012418,-0.0001209,1703.47466,0.00286278,-0.0030483,0.02433922,0.00121445,-0.001269,0.7054651,0.12534006,-0.4267791,5.68510991,0.17059332,-0.1422669,0.34043823,0.26166897,-0.2183927,89.6901105,127.652562,-127.45194,4.2913033,0.23180271,-0.227084,
1443.01,1443,237232044,T001443,MS,spoc,syn,5149.30755,100,4.63968104,0.1,-0.2967986,0.06,9.178,0.018,8.775,0.017,8.674,0.02,10.459565,0.01,10.894928,0.01,9.88568,0.01,11.625671,0.02769003,297.400261,76.1390838,7.41097557,5.9206028,-4.7641405,0.06275595,0.04621286,-0.0460354,86.0165439,36114.0884,-36114.088,-0.2936787,0.05862832,-0.0585725,0.76625349,0.02338648,-0.0272243,0.75114927,0.03461645,-0.0276706,0.380292,0.04166795,-0.0333514,4.56377504,0.03932779,-0.0464908,1.76599746,0.23563522,-0.2479565,5223.79648,58.9102638,-57.995748,0.36348218,0.24099923,23.5406796,6.5009E-05,-6.075E-05,1693.24594,0.00164245,-0.0021842,0.02813809,0.00092839,-0.0007218,0.34015534,0.2429843,-0.2239436,4.24373728,0.09326361,-0.0684403,0.18059388,0.33445994,-0.1365888,91.59344,134.75477,-136.98135,2.30915415,0.12353734,-0.1149013,
1444.01,1444,258514800,T001444,MS,spoc,syn,5463.29537,100,4.44204466,0.1,0.13891538,0.06,9.465,0.024,9.087,0.03,9.061,0.021,10.641674,0.01,11.045793,0.01,10.1054735,0.01,7.941561,0.02120461,305.474313,70.9437945,3.8057953,2.54751136,-2.0906305,0.04100496,0.04883408,-0.0503798,125.919829,47159.5635,-47159.563,0.14553427,0.05713961,-0.0586565,0.95134897,0.02992205,-0.0321431,0.91053653,0.01535714,-0.014578,0.66670036,0.03752259,-0.0354512,4.49600131,0.02114901,-0.0236251,1.24993785,0.08249055,-0.0811464,5460.14459,66.487633,-66.148086,0.33852251,0.27485184,0.47027447,1.0718E-06,-1.041E-06,1711.36571,0.00109956,-0.0009294,0.01393059,0.00050439,-0.0004499,0.31805885,0.250447,-0.2105131,1.31813102,0.03895084,-0.0354169,0.17149486,0.37505187,-0.1338198,93.4670956,132.555044,-138.30955,1.38422215,0.05429614,-0.0503595,
1451.01,1451,417931607,T001451,MS,spoc,syn,5747.3948,100,4.34954674,0.1,0.00178401,0.06,8.38,0.019,8.095,0.059,8.073,0.021,9.42861,0.01,9.774738,0.01,8.956046,0.01,10.848219,0.02551122,186.524333,61.2590446,3.9536177,1.94993003,-1.6876074,0.03802928,0.05012531,-0.0512351,92.1810307,39198.4442,-39198.444,0.01885172,0.05803891,-0.0600448,1.00222741,0.03640354,-0.0339736,1.01616002,0.01811383,-0.0171516,1.05767602,0.05933758,-0.0575985,4.42352377,0.02280173,-0.024518,0.94787402,0.06629032,-0.0642764,5800.5809,77.2813291,-78.106681,0.29846673,0.29505644,16.5379436,4.527E-05,-4.716E-05,1694.31144,0.00152328,-0.0016789,0.0233698,0.00126187,-0.0008875,0.53837442,0.24382861,-0.3519857,2.98360283,0.09354102,-0.0688006,0.39708471,0.23874528,-0.2186451,90.3372917,98.8350613,-97.946008,2.59269454,0.14349604,-0.1082746,
1456.01,1456,199376584,332231,MS,spoc,syn,6101.33955,100,4.25959393,0.1,0.04450663,0.06,7.509,0.027,7.3,0.029,7.242,0.02,8.418393,0.01,8.714607,0.01,8.000468,0.01,12.367845,0.02917054,306.741325,33.7444513,2.88784744,0.86386886,-0.7688573,0.02352214,0.04844308,-0.048025,80.854831,34281.1579,-34281.158,0.04282154,0.06330695,-0.0612902,1.16422677,0.03168813,-0.0336977,1.26599713,0.02349372,-0.0227326,2.03232009,0.1379639,-0.0959816,4.29591731,0.02077588,-0.0189583,0.56697283,0.0373103,-0.0315919,6127.62426,87.1505553,-79.888731,0.25430723,0.3133172,18.7120234,2.3016E-05,-2.418E-05,1692.2582,0.00070876,-0.0006758,0.06460341,0.00115124,-0.0006823,0.25243752,0.20567925,-0.1675512,6.16297748,0.05887919,-0.0407086,0.13704924,0.30281794,-0.1101803,86.1944213,138.130016,-130.19706,8.93718293,0.22007216,-0.1966297,bitmask issue
1467.01,1467,240968774,T001467,MS,spoc,emp,3782.33333,70,,,-0.35,0.09,9.38,0.018,8.791,0.017,8.568,0.019,11.562186,0.01,12.5412445,0.01,10.611604,0.01,26.67925,0.03872063,19.1139294,49.23378,13.4261977,4.35424105,-6.4377913,-0.0637063,0.04562935,-0.0423566,37.4823132,25826.0279,-25826.028,-0.0621187,0.04201818,-0.049736,0.45182377,0.00889155,-0.0080259,0.45646796,0.00863537,-0.007644,0.03819525,0.00208452,-0.0017903,4.77258672,0.00693219,-0.0076867,4.71807243,0.15615775,-0.1677207,3775.54552,22.6368804,-20.743201,0.17410383,0.42029866,5.97200082,0.0008501,-0.000733,1766.98538,0.0030396,-0.0032095,0.03489165,0.00197285,-0.0019521,0.4724465,0.21485786,-0.3006879,1.6192624,0.12539971,-0.0815317,0.26442759,0.30993276,-0.1665145,87.6321743,120.821344,-116.05534,1.73611639,0.10362104,-0.0999403,
1471.01,1471,306263608,12572,MS,spoc,syn,5599.26776,100,4.40438822,0.1,-0.0298909,0.06,7.922,0.021,7.656,0.036,7.559,0.021,9.025434,0.01,9.395059,0.01,8.52942,0.01,14.775478,0.03398437,30.9042723,21.2808638,5.56984644,2.30803663,-2.2046712,0.04298543,0.05054412,-0.0500685,67.6797033,29425.2926,-29425.293,-0.0178845,0.0587685,-0.0584445,0.94199874,0.03352561,-0.032498,0.95926558,0.01733217,-0.016252,0.8479969,0.04820824,-0.0448752,4.44522407,0.02454404,-0.0235972,1.05665419,0.07673665,-0.0701836,5648.63586,74.6573211,-70.650621,0.31344983,0.28590065,20.7728607,4.7546E-05,-4.465E-05,1767.42284,0.00127777,-0.0013452,0.03635262,0.00066157,-0.0005142,0.24262276,0.21221693,-0.1626338,4.92183824,0.05227437,-0.0432281,0.12901095,0.32569855,-0.1011602,93.9466331,122.28353,-128.93851,3.80825114,0.0972666,-0.088831,
1471.02,1471,306263608,12572,MS,spoc,syn,5599.26776,100,4.40438822,0.1,-0.0298909,0.06,7.922,0.021,7.656,0.036,7.559,0.021,9.025434,0.01,9.395059,0.01,8.52942,0.01,14.775478,0.03398437,30.9042723,21.2808638,5.56984644,2.30803663,-2.2046712,0.04298543,0.05054412,-0.0500685,67.6797033,29425.2926,-29425.293,-0.0178845,0.0587685,-0.0584445,0.94199874,0.03352561,-0.032498,0.95926558,0.01733217,-0.016252,0.8479969,0.04820824,-0.0448752,4.44522407,0.02454404,-0.0235972,1.05665419,0.07673665,-0.0701836,5648.63586,74.6573211,-70.650621,0.31344983,0.28590065,52.5636283,0.00015989,-0.0001619,1779.19043,0.00143808,-0.0013906,0.03323585,0.00065512,-0.0005418,0.27277705,0.19401473,-0.1790421,6.59688142,0.06961242,-0.0617805,0.13207703,0.31950183,-0.0986237,89.3393815,124.007151,-123.23557,3.47961477,0.09174033,-0.0837978,including 2nd planet from TFOP
1472.01,1472,306955329,T001472,MS,spoc,syn,5173.58975,100,4.4952717,0.1,0.2769236,0.06,9.794,0.021,9.384,0.023,9.277,0.021,11.1107435,0.01,11.598153,0.01,10.509402,0.01,8.180191,0.08802711,14.1135876,48.6375746,2.27149905,2.54807503,-1.5296182,0.06178752,0.04766004,-0.048834,122.246531,11360.1361,-11360.136,0.28669186,0.05876207,-0.0587454,0.91537111,0.01969235,-0.0220978,0.83773295,0.0137995,-0.0123394,0.44057181,0.02527767,-0.0239927,4.55249298,0.01413344,-0.0194703,1.5490544,0.07050626,-0.0908873,5132.57542,54.0206597,-53.12,0.3833912,0.25712246,6.36365655,0.0009205,-0.0009402,1765.60734,0.00223052,-0.0021425,0.04652364,0.00188121,-0.0015366,0.44904202,0.19851831,-0.2761582,2.63781929,0.08754169,-0.0758541,0.2102986,0.33007032,-0.1359189,90.8131744,124.049381,-124.16703,4.25137471,0.18407184,-0.1572449,
1473.01,1473,352413427,6061,MS,spoc,syn,5972.21244,100,4.50220833,0.1,-0.0496064,0.06,7.711,0.03,7.458,0.036,7.392,0.018,8.6993265,0.01,9.021539,0.01,8.257277,0.01,14.7597,0.04442838,15.5981975,37.185483,2.35059417,1.60842959,-1.2823834,0.0303866,0.04695018,-0.0493475,67.7520555,22508.1361,-22508.136,-0.0499276,0.05701043,-0.0547221,1.0268777,0.03173635,-0.035027,1.00715212,0.01686488,-0.0160539,1.13632423,0.06664738,-0.0618792,4.44131082,0.02084159,-0.0234319,0.99713443,0.0623559,-0.063155,5934.39801,74.6770777,-78.008501,0.27870828,0.30382733,5.25481807,0.00107788,-0.0014231,1769.78624,0.00275693,-0.0029441,0.02148067,0.00078877,-0.0007823,0.25403206,0.26529958,-0.176667,3.25588267,0.08946741,-0.0699068,0.17951175,0.33687027,-0.1402959,76.8765868,155.5295,-130.5026,2.35893021,0.09587038,-0.0930886,
1601.01,1601,139375960,T001601,SG,qlp,syn,6022.81904,100,3.9371745,0.1,0.36216361,0.06,9.505,0.022,9.266,0.021,9.191,0.014,10.527609,0.01,10.864324,0.01,10.057039,0.01,2.944191,0.07171907,38.3614451,41.0134358,2.4199791,0.42032418,-0.2495492,0.11768033,0.05035904,-0.0445094,339.651821,13943.2924,-13943.292,0.34328817,0.05242116,-0.058283,1.5055396,0.03473161,-0.050513,2.19500361,0.06220302,-0.0623363,5.59437006,0.40054238,-0.3847676,3.92775846,0.0223401,-0.0246845,0.14008702,0.0114701,-0.0113984,5982.29527,78.2953147,-64.011659,0.29194046,0.28992948,5.33344198,0.0008758,-0.0008489,1793.2753,0.001597,-0.0016004,0.0594942,0.00219177,-0.0013315,0.36680457,0.23630412,-0.2387883,6.50560706,0.12903924,-0.1064722,0.21902434,0.30934363,-0.172332,92.6163439,143.532739,-147.88547,14.2829779,0.61926665,-0.5324722,standard SPOC data unavailable
1611.01,1611,264678534,207897,MS,spoc,syn,5091.87044,100,4.59408104,0.1,-0.0422986,0.06,6.83,0.023,6.391,0.034,6.312,0.026,8.130371,0.01,8.605089,0.01,7.540247,0.01,35.314553,0.03869071,325.186593,84.3334897,4.71510341,5.1425927,-3.23896,0.03536707,0.05261122,-0.0544639,28.316938,25845.9953,-25845.995,-0.0296845,0.05976715,-0.0592665,0.82076413,0.02261721,-0.0253068,0.78269928,0.03294981,-0.0264236,0.37891725,0.03875737,-0.0343972,4.56160631,0.02976247,-0.042791,1.68847922,0.17423679,-0.2197431,5106.47634,66.6245814,-63.445952,0.39692044,0.24524453,16.2016597,1.5846E-05,-1.569E-05,1796.49559,0.00066754,-0.0006779,0.02898923,0.00122257,-0.0014695,0.72425185,0.09518689,-0.2049409,2.98988019,0.07844122,-0.0526178,0.2858394,0.30633429,-0.1924791,89.352602,146.107755,-145.16926,2.46784157,0.1456248,-0.1442922,
1669.01,1669,428679607,T001669,MS,spoc,syn,5542.31922,100,4.28150338,0.1,0.25729793,0.06,8.905,0.026,8.58,0.026,8.462,0.021,10.008865,0.01,10.405103,0.01,9.485126,0.01,8.95781,0.02964367,45.952938,83.5875756,7.71856708,2.17994137,-2.1072603,0.01287239,0.05327876,-0.0534131,111.634426,33734.015,-33734.015,0.27426588,0.05907282,-0.0602819,0.98672772,0.03223693,-0.0309005,1.05612316,0.01882053,-0.0182895,0.92064181,0.05240729,-0.0491925,4.3820745,0.02355172,-0.0226614,0.82908044,0.05983397,-0.0532651,5497.21753,73.2145977,-72.267487,0.34468493,0.2732181,2.68005362,6.1984E-06,-6.608E-06,1816.94478,0.00084014,-0.0007905,0.02063209,0.00102277,-0.0008213,0.58905081,0.17482798,-0.3701616,1.96843322,0.04824646,-0.0409599,0.30873512,0.2906705,-0.1892515,90.4347012,116.739058,-117.963,2.37809048,0.12564209,-0.104295,
1691.01,1691,268334473,T001691,MS,spoc,syn,5664.04751,100,4.36340039,0.1,0.0349576,0.06,8.935,0.026,8.613,0.053,8.535,0.024,9.973023,0.01,10.333198,0.01,9.480586,0.01,8.9442,0.02946603,272.406134,86.8596456,6.56531933,2.32385524,-2.2155369,0.00056172,0.05305412,-0.0524164,111.804301,33937.3871,-33937.387,0.05151174,0.05521495,-0.0585209,0.95812459,0.03579877,-0.0340118,1.00897963,0.01845551,-0.0183337,0.93172022,0.05674628,-0.0507326,4.40920816,0.02548232,-0.0247217,0.92517013,0.06986063,-0.0653305,5641.69943,80.6581714,-74.738243,0.31525752,0.28606359,16.7368974,3.0833E-05,-3.027E-05,1818.09078,0.00101893,-0.0010168,0.03251969,0.00072714,-0.0005255,0.27178755,0.23878021,-0.1869885,4.99836454,0.05214709,-0.0468569,0.18612405,0.31213897,-0.1429432,82.7493209,150.525962,-135.95179,3.58286836,0.10112748,-0.0898551,
1694.01,1694,396740648,T001694,MS,spoc,syn,5066.39114,100,4.53276875,0.1,0.12044575,0.06,9.957,0.029,9.473,0.03,9.425,0.02,11.31033,0.01,11.800889,0.01,10.694761,0.01,7.991824,0.03750859,97.7482109,66.3606833,4.26870886,3.51404585,-2.5808969,0.05842851,0.0517076,-0.0528485,125.127873,26660.5597,-26660.56,0.1307051,0.05424591,-0.0553485,0.85303505,0.02274564,-0.0249309,0.80359291,0.01286847,-0.0120272,0.38192134,0.0208895,-0.0198821,4.55760428,0.01879535,-0.0227701,1.63205693,0.09678818,-0.1035038,5058.15068,60.1995593,-55.949312,0.39843097,0.24524364,3.77014887,8.6102E-05,-8.257E-05,1817.2663,0.00061184,-0.0006214,0.0611175,0.00137508,-0.0009933,0.27421843,0.19194844,-0.1858314,2.87188413,0.03563878,-0.0305206,0.31578166,0.28185583,-0.144431,-31.894241,276.476335,-32.807829,5.36351063,0.14247695,-0.1219777,
1710.01,1710,445805961,T001710,MS,spoc,syn,5713.82392,100,4.46467035,0.1,0.1464722,0.06,8.319,0.019,8.003,0.034,7.959,0.026,9.359827,0.01,9.722551,0.01,8.870102,0.01,12.282269,0.02661655,94.2827564,76.2107806,1.54270127,1.58169713,-1.0092634,0.00796289,0.04462356,-0.04654,81.4181837,37570.6159,-37570.616,0.14678257,0.04493399,-0.0533204,1.02576047,0.02364802,-0.0297068,0.95743325,0.0161658,-0.0153399,0.86381606,0.05007781,-0.0473242,4.48555584,0.01496708,-0.0202415,1.1603389,0.05780158,-0.0660267,5684.07426,63.951634,-67.765964,0.31120545,0.28732271,24.2833777,2.5744E-05,-2.561E-05,1836.96292,0.00050679,-0.0004994,0.04993225,0.00046734,-0.0003971,0.16307734,0.14436735,-0.1116862,5.24748598,0.02876164,-0.026612,0.09332699,0.29620101,-0.0741744,85.5844522,129.031823,-121.05619,5.21749177,0.09749672,-0.0975096,
1716.01,1716,14336130,237566,MS,spoc,syn,5852.19499,100,4.21030473,0.1,0.06962827,0.06,8.265,0.023,8.001,0.018,7.932,0.023,9.240936,0.01,9.56924,0.01,8.7859125,0.01,9.572863,0.07407963,105.082929,56.8244349,5.41903075,1.39565381,-1.2871919,0.0129555,0.04992916,-0.0505951,104.461952,13498.9878,-13498.988,0.09632825,0.05846813,-0.0595457,1.06940177,0.03571898,-0.0353851,1.21790043,0.02370613,-0.0234867,1.59993362,0.09486864,-0.0912841,4.29332895,0.02282238,-0.0228657,0.58660877,0.04040072,-0.0394051,5877.49316,78.5720831,-78.518153,0.28133925,0.30343263,8.08240019,4.455E-05,-4.993E-05,1843.85309,0.0027761,-0.0020083,0.02093168,0.00099775,-0.0008659,0.5054943,0.1937345,-0.3267692,3.48232202,0.13530089,-0.1144097,0.26614827,0.30296139,-0.1612994,88.9325565,117.843829,-116.5694,2.78092261,0.14156806,-0.127403,
1723.01,1723,71431780,T001723,MS,spoc,syn,5778.26467,100,4.33740218,0.1,0.1560821,0.06,8.478,0.024,8.175,0.023,8.133,0.031,9.535957,0.01,9.887624,0.01,9.055337,0.01,9.898978,0.02853667,116.797139,68.4766315,4.83090403,1.93201312,-1.7673251,0.02825071,0.0523121,-0.052876,101.020525,35042.6299,-35042.63,0.15938858,0.05037361,-0.0551337,1.03780525,0.03688195,-0.0364436,1.08545898,0.02226861,-0.0213727,1.15950492,0.07235337,-0.0700115,4.37991406,0.02576166,-0.0253942,0.80274884,0.06183412,-0.0587259,5742.67943,82.0510242,-80.120511,0.31448211,0.28646219,13.7264114,0.00045849,-0.0008223,1852.7024,0.00166159,-0.0034986,0.02918212,0.00092012,-0.0008804,0.35420946,0.21168815,-0.2337281,4.25716579,0.31582482,-0.0753523,0.18928549,0.32842905,-0.1268838,90.1832091,119.76759,-120.05458,3.45579916,0.13356406,-0.1251353,
1726.01,1726,130181866,63433,MS,spoc,syn,5701.23338,100,4.62017465,0.1,0.08286977,0.06,5.624,0.043,5.359,0.026,5.258,0.016,6.7183065,0.01,7.091857,0.01,6.23218,0.01,44.606992,0.04443727,117.479419,27.3631829,1.54708519,1.63267855,-1.0189212,0.01198195,0.04563244,-0.0473985,22.4180103,22503.634,-22503.634,0.07866279,0.0536236,-0.0531139,0.98827469,0.02119685,-0.0273298,0.91686542,0.01318886,-0.0129189,0.76306408,0.04193188,-0.0389654,4.50757458,0.01349243,-0.018884,1.2765777,0.05459446,-0.0664725,5634.47676,62.3409759,-64.585659,0.31525752,0.28606359,7.10793848,6.6231E-06,-6.689E-06,1845.37352,0.000548,-0.0005496,0.02035288,0.000317,-0.0002722,0.47577523,0.20671812,-0.2995341,3.23086844,0.03453678,-0.0246136,0.2887931,0.30242398,-0.2324027,82.1716713,160.578684,-146.39736,2.03649237,0.04259853,-0.0392189,high variability
1726.02,1726,130181866,63433,MS,spoc,syn,5701.23338,100,4.62017465,0.1,0.08286977,0.06,5.624,0.043,5.359,0.026,5.258,0.016,6.7183065,0.01,7.091857,0.01,6.23218,0.01,44.606992,0.04443727,117.479419,27.3631829,1.54708519,1.63267855,-1.0189212,0.01198195,0.04563244,-0.0473985,22.4180103,22503.634,-22503.634,0.07866279,0.0536236,-0.0531139,0.98827469,0.02119685,-0.0273298,0.91686542,0.01318886,-0.0129189,0.76306408,0.04193188,-0.0389654,4.50757458,0.01349243,-0.018884,1.2765777,0.05459446,-0.0664725,5634.47676,62.3409759,-64.585659,0.31525752,0.28606359,20.5438478,2.0484E-05,-2.022E-05,1844.05897,0.00057268,-0.0005639,0.02374815,0.00026085,-0.0002495,0.4719546,0.13154512,-0.2734827,4.02206979,0.03828442,-0.0306153,0.18485695,0.30484489,-0.1230261,89.1131123,121.53208,-119.18329,2.37486806,0.04308878,-0.0413305,high variability
1736.01,1736,408618999,T001736,SG,spoc,syn,5724.63505,100,4.20694063,0.1,0.15657383,0.06,7.688,0.02,7.416,0.047,7.283,0.023,8.779695,0.01,9.14427,0.01,8.285635,0.01,11.213782,0.04025043,43.4350202,69.101407,9.18739602,1.32033047,-1.3867662,0.03067978,0.05724531,-0.0552642,89.1759827,24844.4525,-24844.452,0.14753176,0.06062436,-0.0576711,1.03727152,0.03681216,-0.0330914,1.42858437,0.0266711,-0.0248916,1.86465424,0.11747552,-0.106695,4.14168544,0.0235001,-0.0235367,0.3523054,0.0259249,-0.0227372,5636.41109,86.0707517,-79.91086,0.31755846,0.27972717,7.07307564,1.6631E-05,-1.602E-05,1792.79532,0.0010238,-0.0010077,0.0202433,0.00058721,-0.0004968,0.43520086,0.20824521,-0.2910423,4.06912801,0.05369396,-0.0483017,0.24600187,0.3074714,-0.142288,89.5982969,111.982152,-111.43006,3.15692895,0.1083451,-0.097731,
1742.01,1742,219857012,156141,MS,spoc,syn,5733.4149,100,4.215209,0.1,0.18499641,0.06,7.646,0.018,7.392,0.02,7.335,0.016,8.727915,0.01,9.091591,0.01,8.249347,0.01,13.69092,0.0223081,257.328533,71.8764,3.8783526,1.4640902,-1.3128523,0.08091507,0.04940823,-0.0496885,73.0411094,44826.7721,-44826.772,0.19257261,0.062609,-0.0581875,1.0860993,0.03395087,-0.033327,1.13102325,0.0181347,-0.0184884,1.32247273,0.06949659,-0.0684018,4.36467774,0.02236304,-0.0209821,0.74465605,0.04888341,-0.0445994,5814.79016,75.630612,-72.720289,0.30355107,0.29435886,21.2690836,5.1638E-05,-6.239E-05,1725.35176,0.00207389,-0.0019827,0.0190681,0.00061825,-0.0004071,0.36104322,0.29506353,-0.2542844,6.22124154,0.23608586,-0.0829132,0.37292545,0.34380858,-0.2047591,206.390448,46.9978233,-277.69841,2.35230375,0.09124777,-0.0639606,
1751.01,1751,287080092,146757,MS,spoc,syn,5939.38053,100,4.27719019,0.1,-0.3815864,0.06,8.251,0.021,7.962,0.036,7.934,0.027,9.189406,0.01,9.489077,0.01,8.761987,0.01,8.794498,0.02255299,243.488773,63.5342737,9.03752114,1.41933502,-1.3872252,-0.0023054,0.04935009,-0.0495413,113.707462,44340.0115,-44340.011,-0.3733953,0.05673639,-0.0597744,0.93817391,0.03627762,-0.0328591,1.31372292,0.02514436,-0.0249551,1.98250864,0.12045897,-0.116226,4.17087887,0.02464594,-0.0237879,0.41000454,0.03094727,-0.0281709,5970.18256,85.6305791,-83.757076,0.25057007,0.2972458,37.4685178,0.00013171,-0.000125,1733.63532,0.00179932,-0.0021048,0.02035619,0.0004882,-0.0004064,0.38533684,0.21036268,-0.2515746,7.50144353,0.08138866,-0.0755435,0.18624387,0.32354227,-0.1225012,88.7544626,124.788678,-123.87769,2.91857511,0.08957569,-0.0808768,
1753.01,1753,289580577,T001753,MS,spoc,syn,5612.25857,100,4.40111296,0.1,0.02569399,0.06,10.553,0.024,10.241,0.029,10.175,0.023,11.663957,0.01,12.029269,0.01,11.157586,0.01,4.383614,0.05212849,252.469849,61.1735228,5.88811598,2.3793407,-2.2960708,0.03890948,0.05121294,-0.0508569,228.122257,19183.3663,-19183.366,0.02612604,0.05919844,-0.0591089,0.94834481,0.03428634,-0.0330313,0.97149597,0.02068578,-0.0203114,0.85162778,0.05386163,-0.049459,4.43751563,0.02604082,-0.0259453,1.0246823,0.08343449,-0.0782175,5620.91975,75.8115514,-71.797607,0.33241943,0.27565504,5.38463106,1.1627E-05,-1.281E-05,1684.50323,0.00155341,-0.0013946,0.02385951,0.00075175,-0.00065,0.27417538,0.24861098,-0.1815555,3.1761165,0.05320727,-0.0538687,0.15696725,0.3397985,-0.1243225,93.6096661,132.473964,-138.94416,2.52882728,0.09727148,-0.0879099,
1758.01,1758,367858035,T001758,MS,spoc,syn,5140.6918,100,4.54160254,0.1,-0.0286524,0.06,9.315,0.023,8.915,0.03,8.811,0.02,10.625223,0.01,11.0793705,0.01,10.043195,0.01,10.320901,0.03637223,354.74302,75.6851234,7.49161726,3.65326208,-3.1991884,0.03799088,0.05022194,-0.0509403,96.8907701,27493.5052,-27493.505,-0.0197889,0.05929476,-0.0597263,0.82530176,0.02609834,-0.0259802,0.81553216,0.0140322,-0.0132527,0.42410154,0.02265357,-0.0212149,4.52966372,0.02341669,-0.024162,1.50838853,0.10806264,-0.1032871,5150.75782,64.8773275,-59.420386,0.37007439,0.26128487,20.7051257,5.5946E-05,-5.372E-05,1806.69731,0.00130102,-0.0014027,0.04033631,0.00149995,-0.0012266,0.47348063,0.1836318,-0.3097797,3.64452214,0.08042621,-0.0716542,0.23919613,0.29062707,-0.1457142,89.1932736,113.724496,-112.08535,3.58945824,0.14794967,-0.1257074,
1759.01,1759,408636441,T001759,MS,spoc,emp,3920.5,70,,,-0.195,0.09,8.771,0.043,8.114,0.059,7.93,0.02,10.838535,0.01,11.738952,0.01,9.933052,0.01,24.930229,0.0261687,326.853293,62.7538614,15.0924079,3.35637314,-5.4459903,-0.0271122,0.05189967,-0.0485178,40.1119468,38213.585,-38213.585,0.082377,0.04321342,-0.0420019,0.56659217,0.00993943,-0.0077928,0.57448149,0.01117723,-0.0092449,0.07106657,0.00441783,-0.0034863,4.67078104,0.00790912,-0.0095743,2.96572676,0.10360239,-0.1230652,3930.33046,32.0972115,-29.257445,0.42381501,0.23012587,37.700256,0.00030622,-0.0003303,1745.46582,0.00113978,-0.0011151,0.0491405,0.0016817,-0.0015228,0.48545273,0.15945579,-0.302972,3.58734531,0.08787512,-0.0742357,0.23148331,0.29451076,-0.1464383,90.1202891,111.89903,-113.34836,3.08031407,0.12097495,-0.1069556,
1775.01,1775,9348006,T001775,MS,spoc,syn,5332.80051,100,4.63240567,0.1,0.19073065,0.06,10.19,0.02,9.802,0.016,9.722,0.013,11.45015,0.01,11.903067,0.01,10.874819,0.01,6.672311,0.04222786,150.115134,39.4578164,0.83020685,1.09870596,-0.5479648,0.06766519,0.04316814,-0.0435347,149.873119,23681.0509,-23681.051,0.16189895,0.03257443,-0.0471827,0.92182395,0.01429103,-0.0153736,0.82876742,0.01151613,-0.0098865,0.48340785,0.02319959,-0.0219557,4.56511185,0.00786596,-0.0107239,1.60934675,0.05096972,-0.0542545,5283.58718,50.4383682,-51.314863,0.37054262,0.26113065,10.2405552,9.73E-06,-9.371E-06,1877.5645,0.00048037,-0.0004907,0.08917808,0.00096146,-0.000947,0.17457294,0.14357565,-0.1184255,3.6656056,0.03502956,-0.0296444,0.09216298,0.28770027,-0.0743306,93.5668075,122.294979,-129.51443,8.06223611,0.1332424,-0.1348449,
1776.01,1776,21535395,95072,MS,spoc,syn,5681.08504,100,4.50014479,0.1,-0.2123678,0.06,7.029,0.019,6.749,0.018,6.687,0.02,8.090234,0.01,8.439898,0.01,7.617194,0.01,22.369382,0.0761091,164.776067,40.9836078,5.06625292,2.21033851,-2.0364578,0.05577268,0.04779122,-0.0474745,44.7039618,13139.0335,-13139.033,-0.1929737,0.05964607,-0.0601867,0.91960031,0.03278568,-0.0316709,0.93558615,0.01639339,-0.0162241,0.88549734,0.04851756,-0.0458467,4.45730374,0.02381747,-0.0239104,1.11199661,0.08091219,-0.0726859,5784.50428,74.1990316,-71.53432,0.29203696,0.29687762,2.79986918,2.33E-05,-2.751E-05,1871.49775,0.00373991,-0.0040752,0.01212554,0.00081221,-0.0007374,0.52000186,0.20955283,-0.3296271,1.91403517,0.18277287,-0.1788437,0.28608488,0.29543835,-0.1822869,89.4279742,117.448687,-117.97292,1.23707265,0.08595932,-0.0780193,
1778.01,1778,39699648,77946,MS,spoc,syn,5964.09911,100,4.11865427,0.1,0.20745869,0.06,7.904,0.02,7.67,0.016,7.622,0.02,8.851838,0.01,9.164252,0.01,8.419411,0.01,10.026432,0.03632176,136.778074,46.6726009,3.11055531,0.85971679,-0.7023129,0.01024249,0.05227655,-0.0527089,99.7363749,27531.703,-27531.703,0.21514724,0.06234567,-0.0631602,1.19726312,0.03080115,-0.0288991,1.31737351,0.024915,-0.0142322,2.03629046,0.13108575,-0.0883094,4.27614569,0.0115857,-0.0224124,0.52055965,0.01932889,-0.0338529,6007.4701,83.1696232,-87.516547,0.27731898,0.30623262,6.52736246,2.6947E-05,-2.827E-05,1875.99889,0.00202586,-0.0015207,0.0198634,0.00106483,-0.0008735,0.57095729,0.17900644,-0.3562375,3.12521991,0.09548608,-0.0860295,0.30650341,0.29205334,-0.1824516,87.4289212,117.786196,-114.33036,2.85746779,0.15446528,-0.1351665,
1794.01,1794,286916251,T001794,MS,spoc,syn,5653.80371,100,4.11195088,0.1,0.02559665,0.06,9.094,0.026,8.765,0.028,8.692,0.02,10.144444,0.01,10.5005865,0.01,9.650801,0.01,6.390009,0.02541897,203.397703,49.0611362,10.7739659,1.51572851,-1.4988018,-0.0004231,0.05251667,-0.0519358,156.494305,39340.6921,-39340.692,0.03495389,0.0517408,-0.0605706,0.96976584,0.0327938,-0.0307705,1.31615827,0.02298132,-0.0229893,1.5751347,0.09093449,-0.085438,4.18359888,0.02250675,-0.0215919,0.42141998,0.0290689,-0.0258802,5631.04671,77.9329149,-73.923913,0.31438681,0.28066691,8.76552775,3.4877E-05,-4.01E-05,1715.31203,0.00198511,-0.001928,0.02355056,0.00094879,-0.0008275,0.48110076,0.20353613,-0.3190124,3.97241376,0.08853111,-0.0884676,0.27217616,0.2882664,-0.1601181,90.7575068,111.635217,-111.82539,3.38174282,0.14911018,-0.1346658,
1797.01,1797,368435330,93963,MS,spoc,syn,5946.72462,100,4.44714568,0.1,0.10491573,0.06,8.108,0.034,7.807,0.034,7.776,0.024,9.03376,0.01,9.360059,0.01,8.58485,0.01,12.115776,0.05728833,162.77714,25.641165,1.28427153,1.24998229,-0.8198916,-0.0044038,0.04403151,-0.0462919,82.537013,17455.561,-17455.561,0.1099169,0.05717107,-0.0584077,1.08439245,0.02519097,-0.0314033,1.03111187,0.01764862,-0.0169135,1.16887109,0.06898051,-0.0660934,4.44527084,0.01505169,-0.0203801,0.98138919,0.05038729,-0.0583253,5907.58695,65.7584689,-71.708004,0.28133925,0.30343263,3.64513888,4.3626E-06,-4.481E-06,1902.874,0.0006575,-0.0006636,0.0278748,0.00080381,-0.0006347,0.44455293,0.18996257,-0.2905086,2.35051722,0.04316356,-0.0319967,0.23521424,0.29644569,-0.1423895,84.9136224,115.254503,-107.77187,3.1375941,0.10303829,-0.0910498,
1798.01,1798,198153540,T001798,MS,spoc,syn,5147.8406,100,4.5873911,0.1,0.06270434,0.06,9.798,0.023,9.362,0.021,9.237,0.014,11.067006,0.01,11.538239,0.01,10.474811,0.01,8.80653,0.02389566,211.094108,46.5193993,2.60315049,2.61157569,-1.6817065,0.01838794,0.04838225,-0.0496992,113.552107,41848.6091,-41848.609,0.07321267,0.05503733,-0.0548684,0.8543145,0.01761424,-0.0208706,0.79107973,0.0110705,-0.0103682,0.38384003,0.01989264,-0.0184435,4.57223567,0.0140127,-0.0187081,1.71783267,0.07330899,-0.0922822,5106.06246,53.348871,-55.85659,0.39843097,0.24524364,0.43781461,1.4256E-06,-2.95E-06,1738.63421,0.00097696,-0.00092,0.01603554,0.00068888,-0.0006124,0.29381,0.27671071,-0.2067337,1.28181174,0.04086471,-0.0457649,0.29737675,0.35209435,-0.1799343,50.1974166,192.448469,-114.53189,1.38316489,0.06369415,-0.0557671,
1798.02,1798,198153540,T001798,MS,spoc,syn,5147.8406,100,4.5873911,0.1,0.06270434,0.06,9.798,0.023,9.362,0.021,9.237,0.014,11.067006,0.01,11.538239,0.01,10.474811,0.01,8.80653,0.02389566,211.094108,46.5193993,2.60315049,2.61157569,-1.6817065,0.01838794,0.04838225,-0.0496992,113.552107,41848.6091,-41848.609,0.07321267,0.05503733,-0.0548684,0.8543145,0.01761424,-0.0208706,0.79107973,0.0110705,-0.0103682,0.38384003,0.01989264,-0.0184435,4.57223567,0.0140127,-0.0187081,1.71783267,0.07330899,-0.0922822,5106.06246,53.348871,-55.85659,0.39843097,0.24524364,8.02154003,2.7417E-05,-3.309E-05,1741.59426,0.00220523,-0.0020467,0.02762378,0.00106961,-0.0009031,0.28062421,0.2701361,-0.1872023,3.15577614,0.10829124,-0.0701357,0.20488162,0.34488457,-0.1588134,88.2946447,148.076224,-144.48888,2.38461604,0.10055726,-0.0860131,
1799.01,1799,8967242,96735,MS,spoc,syn,5627.78606,100,4.39213073,0.1,-0.0799641,0.06,7.73,0.019,7.416,0.016,7.381,0.018,8.810132,0.01,9.175687,0.01,8.328191,0.01,16.067251,0.05030353,167.232962,34.3031907,5.12851162,2.17831984,-2.0369585,0.03610114,0.04832902,-0.0476784,62.238402,19879.3213,-19879.321,-0.0637176,0.05807099,-0.053281,0.9405516,0.03334659,-0.0313238,0.95363206,0.0161656,-0.0158722,0.86676964,0.04710633,-0.0438291,4.45048854,0.02285114,-0.0233726,1.076132,0.07445477,-0.0708587,5697.69016,74.8653566,-68.002249,0.30530866,0.28843013,7.08573883,8.6222E-05,-7.968E-05,1904.83176,0.00716978,-0.0076639,0.01382009,0.00079393,-0.0008033,0.36998072,0.23428817,-0.2440186,3.15543614,0.18140939,-0.1684118,0.19444637,0.33975384,-0.1398451,91.159651,130.16886,-130.67308,1.43731831,0.08673976,-0.0865825,
1801.01,1801,119584412,HIP57099,MS,spoc,emp,3763.5,70,,,-0.065,0.09,8.649,0.026,8.002,0.021,7.805,0.024,10.826898,0.01,11.822961,0.01,9.872247,0.01,32.567811,0.176801,175.576559,23.0268551,13.3130435,4.57571734,-6.612348,-0.1141546,0.05055858,-0.0507061,30.7051646,5656.08922,-5656.0892,0.15421725,0.04851078,-0.0382157,0.505147,0.01102455,-0.0095094,0.51280356,0.011481,-0.010475,0.04677841,0.00282116,-0.0024386,4.71980052,0.00956576,-0.0099284,3.71290531,0.16397107,-0.1638266,3747.70714,24.423302,-23.215958,0.35527164,0.28741226,21.2724268,0.00012364,-0.0001119,1903.54779,0.00238362,-0.0017727,0.03332694,0.00153148,-0.0014723,0.44344187,0.20724823,-0.2921982,2.83075458,0.10842262,-0.0942092,0.22913112,0.31487565,-0.1434762,85.3362246,124.689428,-116.58437,1.86469756,0.09571879,-0.0920806,
1807.01,1807,180695581,HIP65469,MS,spoc,emp,4717,110,,,0.005,0.09,8.103,0.023,7.605,0.018,7.568,0.02,9.675173,0.01,10.255179,0.01,8.986736,0.01,23.457686,0.0339932,201.283316,38.922485,2.06916596,3.43711453,-1.5308697,0.22887773,0.05714748,-0.057452,42.6299515,29417.6495,-29417.65,0.04382356,0.08833626,-0.0954347,0.80481913,0.02312562,-0.025823,0.74600166,0.02058347,-0.0211124,0.29315777,0.02368119,-0.0224641,4.59840997,0.0159518,-0.0235712,1.92738861,0.12645629,-0.143883,4914.00873,60.4506532,-57.821147,0.41061147,0.24146994,0.54937098,7.1459E-07,-7.849E-07,1899.345,0.00038063,-0.0003547,0.01786794,0.00078343,-0.0006297,0.4986887,0.20156908,-0.3262814,0.97258109,0.0209387,-0.0197455,0.265971,0.32098286,-0.1570166,87.7817825,117.292436,-114.64593,1.45593409,0.07459756,-0.0656228,high variability
1823.01,1823,142381532,TIC142381532,MS,spoc,emp,4729,110,,,0.13,0.09,8.907,0.024,8.452,0.026,8.332,0.014,10.390751,0.01,10.94612,0.01,9.724294,0.01,13.92866,0.02222117,196.220356,63.753791,6.33131554,6.28430601,-4.3937897,0.13785231,0.05696896,-0.0576334,71.7944128,45002.1316,-45002.132,0.2433193,0.0920177,-0.0875421,0.84137634,0.0259014,-0.0277644,0.80486669,0.03391089,-0.0258429,0.34600497,0.03517341,-0.0291987,4.54793765,0.03243983,-0.0463476,1.58977843,0.17511727,-0.2170114,4926.99532,57.7382566,-56.514814,0.4148351,0.24048206,38.8135751,3.238E-05,-3.253E-05,1715.17945,0.00044205,-0.000449,0.08558818,0.00101468,-0.0007436,0.18991617,0.12780344,-0.1245082,5.91827721,0.03937768,-0.0347632,0.14174248,0.2987324,-0.1018839,99.9890915,124.402,-144.16338,7.52229868,0.28931008,-0.2868835,period was ambiguous before
1824.01,1824,142387023,T001824,MS,spoc,syn,5216.68102,100,4.56169602,0.1,0.11912675,0.06,8.283,0.03,7.82,0.021,7.757,0.018,9.507503,0.01,9.962971,0.01,8.932001,0.01,16.797256,0.03643963,197.731187,61.7447787,2.48316868,2.53728655,-1.6245759,-0.0073056,0.0488157,-0.0501172,59.5335323,27442.65,-27442.65,0.12436764,0.05564854,-0.055131,0.88014074,0.0192663,-0.0221809,0.81229903,0.01208165,-0.0104981,0.42419662,0.02297352,-0.021564,4.56208199,0.01419894,-0.0193429,1.63389773,0.0721402,-0.0893616,5165.09414,56.9298397,-56.83982,0.37248469,0.26061801,22.8085342,5.3627E-05,-5.433E-05,1879.54673,0.00111715,-0.0010748,0.0322836,0.00086827,-0.0006855,0.38148901,0.19585749,-0.2409694,4.13426902,0.05476906,-0.0488882,0.17452779,0.32075204,-0.1194568,85.0834441,130.975468,-123.19148,2.86169022,0.08593056,-0.0725327,
1836.01,1836,207468071,148193,SG,spoc,syn,6203.2212,100,4.18449804,0.1,-0.1289342,0.06,8.799,0.021,8.586,0.021,8.531,0.018,9.644824,0.01,9.916989,0.01,9.252418,0.01,5.189071,0.02498095,245.908209,54.6897622,3.1817132,0.661572,-0.3360442,0.0069879,0.04900063,-0.0439017,192.712733,40030.5073,-40030.507,-0.1359737,0.07275738,-0.0339902,1.25180317,0.02425922,-0.0404136,1.64536383,0.03204393,-0.0253138,3.71435364,0.22695069,-0.1857472,4.09829313,0.01784077,-0.0216452,0.2764408,0.01622395,-0.0171041,6237.05282,91.1807646,-68.866946,0.26461935,0.29405243,20.3808446,2.8753E-05,-2.933E-05,1933.16601,0.000785,-0.0007671,0.04675862,0.0006967,-0.0005257,0.3174537,0.19295992,-0.2113448,6.62202284,0.08245038,-0.0534788,0.22704597,0.29992447,-0.1176958,91.6111641,94.6615566,-97.496336,8.39851375,0.18753813,-0.1753418,
1842.01,1842,404505029,T001842,SG,spoc,syn,6072.28199,100,3.98065212,0.1,0.32376075,0.06,8.747,0.034,8.511,0.038,8.446,0.021,9.659814,0.01,9.968666,0.01,9.223229,0.01,4.446673,0.04448095,201.96276,9.03067608,2.46863255,0.37849915,-0.2666721,0.0197742,0.05648105,-0.0553924,224.887241,22481.5362,-22481.536,0.33202802,0.0603461,-0.0599164,1.46426193,0.02917802,-0.0361979,2.03198835,0.03700753,-0.0401421,4.95458771,0.31109068,-0.2920524,3.98556096,0.01811201,-0.0206167,0.17251355,0.01116461,-0.0106448,6039.30286,93.038097,-88.894028,0.29194046,0.28992948,9.57391788,1.4989E-05,-1.502E-05,1933.33614,0.0008471,-0.0008539,0.0558635,0.00074963,-0.000732,0.78188624,0.02989457,-0.0388372,4.31690536,0.08310429,-0.0741059,0.24611565,0.29376602,-0.1264439,89.6680273,92.3952763,-91.694376,12.3790626,0.29388706,-0.2906658,period was ambiguous before
1898.01,1898,91987762,83342,SG,spoc,syn,6242.716,100,4.17279822,0.1,-0.1041955,0.06,6.923,0.024,6.721,0.026,6.663,0.023,7.7479973,0.01,8.011779,0.01,7.371622,0.01,12.523738,0.06880558,144.555603,23.5469251,3.13462657,0.60486673,-0.3461838,-0.0316673,0.05180469,-0.0477386,79.8483643,14533.7053,-14533.705,-0.0951536,0.05855143,-0.0708546,1.2483506,0.02609673,-0.0375322,1.61310478,0.02919077,-0.031212,3.55766177,0.22604677,-0.160357,4.1157797,0.01911318,-0.0224455,0.29284685,0.01895832,-0.0162059,6241.22911,88.2276843,-84.963371,0.26461935,0.29405243,45.5223433,6.3617E-05,-6.711E-05,1894.25115,0.00076946,-0.0007553,0.05290329,0.00092046,-0.0015099,0.70168946,0.05747895,-0.125396,4.25587199,0.06383719,-0.067658,0.55547498,0.19174087,-0.1075622,91.2739629,77.0067162,-81.919664,9.28637575,0.25071284,-0.3104801,bitmask issue
2019.01,2019,159781361,T002019,SG,spoc,syn,5626.22101,100,3.88272425,0.1,0.41439773,0.06,8.961,0.029,8.672,0.021,8.598,0.014,10.076903,0.01,10.464558,0.01,9.568273,0.01,5.02147,0.02076069,234.431684,48.9554061,6.35728985,0.58941307,-1.9369737,0.04087608,0.05424465,-0.0568053,199.144852,48167.9531,-48167.953,0.40917689,0.05751527,-0.0563146,1.18318168,0.10570722,-0.0237062,1.74567942,0.02954793,-0.0288958,2.75930035,0.1521627,-0.1491009,4.02526744,0.04119163,-0.0164863,0.22122931,0.02246703,-0.0113325,5625.78633,77.2741143,-77.872287,0.32838914,0.2792309,15.3460346,0.00592073,-0.0059876,1942.94189,0.00858303,-0.0080481,0.03109748,0.00112846,-0.001017,0.34733791,0.23524275,-0.2226658,7.19668666,0.20116292,-0.1532792,0.17283635,0.34392639,-0.1266538,85.7745799,133.539418,-126.47914,5.92281874,0.2383,-0.2151444,
2045.01,2045,347013211,T002045,SG,qlp,syn,6073.18388,100,4.06911506,0.1,0.07273474,0.06,10.18,0.023,9.95,0.028,9.845,0.02,11.211337,0.01,11.558578,0.01,10.736344,0.01,2.696801,0.03536985,1.1191392,54.934463,3.42015666,1.22790678,-0.3832718,0.18824595,0.04543733,-0.0429861,370.809657,28272.6637,-28272.664,0.06782117,0.05882687,-0.0444727,1.29109551,0.03166513,-0.0813189,1.77544661,0.03669488,-0.0376995,3.82822607,0.21114944,-0.2401625,4.0470016,0.02060322,-0.0284301,0.22745513,0.01632125,-0.0164756,6045.36717,75.0843949,-68.576588,0.28634665,0.29006018,9.07751798,8.0981E-05,-7.942E-05,1765.59476,0.00133684,-0.0013306,0.0666665,0.00111619,-0.0010358,0.30458569,0.16795113,-0.2017898,5.93317989,0.08636931,-0.0746521,0.16662554,0.30649711,-0.1045143,90.6935032,105.580878,-106.10073,12.9123808,0.34699631,-0.335153,standard SPOC data unavailable
2076.01,2076,27491137,T002076,MS,spoc,syn,5211.68661,100,4.69461281,0.1,0.01971433,0.06,7.613,0.019,7.188,0.027,7.115,0.017,8.910282,0.01,9.366391,0.01,8.327533,0.01,23.832215,0.02980402,217.392678,39.7904292,2.68916013,3.55994422,-1.898503,0.05832639,0.0489515,-0.0494117,41.9600104,33552.5209,-33552.521,0.0197958,0.05811878,-0.0591795,0.85565924,0.02009384,-0.0211658,0.79600246,0.02864515,-0.0217161,0.41898562,0.03679813,-0.0342763,4.56626173,0.02130686,-0.0346867,1.67599224,0.13368227,-0.1774974,5191.9111,61.2284245,-57.793624,0.37007439,0.26128487,10.3550963,1.742E-05,-1.662E-05,1743.74409,0.00096349,-0.0010202,0.03151974,0.00147534,-0.000687,0.34042215,0.29332351,-0.2253008,3.28239485,0.07579698,-0.0471554,0.1936873,0.3707131,-0.1501045,94.3932704,134.364234,-142.53774,2.75005598,0.14592995,-0.1135862,high variability
2076.02,2076,27491137,T002076,MS,spoc,syn,5211.68661,100,4.69461281,0.1,0.01971433,0.06,7.613,0.019,7.188,0.027,7.115,0.017,8.910282,0.01,9.366391,0.01,8.327533,0.01,23.832215,0.02980402,217.392678,39.7904292,2.68916013,3.55994422,-1.898503,0.05832639,0.0489515,-0.0494117,41.9600104,33552.5209,-33552.521,0.0197958,0.05811878,-0.0591795,0.85565924,0.02009384,-0.0211658,0.79600246,0.02864515,-0.0217161,0.41898562,0.03679813,-0.0342763,4.56626173,0.02130686,-0.0346867,1.67599224,0.13368227,-0.1774974,5191.9111,61.2284245,-57.793624,0.37007439,0.26128487,21.0153267,2.1765E-05,-2.129E-05,1748.68944,0.00060102,-0.0006077,0.04202451,0.00053685,-0.0004843,0.2290388,0.16312127,-0.1525953,4.18514211,0.03410657,-0.0302692,0.11994824,0.30020352,-0.087935,90.3945204,114.373822,-114.92814,3.64969268,0.12517808,-0.1218926,
2076.03,2076,27491137,T002076,MS,spoc,syn,5211.68661,100,4.69461281,0.1,0.01971433,0.06,7.613,0.019,7.188,0.027,7.115,0.017,8.910282,0.01,9.366391,0.01,8.327533,0.01,23.832215,0.02980402,217.392678,39.7904292,2.68916013,3.55994422,-1.898503,0.05832639,0.0489515,-0.0494117,41.9600104,33552.5209,-33552.521,0.0197958,0.05811878,-0.0591795,0.85565924,0.02009384,-0.0211658,0.79600246,0.02864515,-0.0217161,0.41898562,0.03679813,-0.0342763,4.56626173,0.02130686,-0.0346867,1.67599224,0.13368227,-0.1774974,5191.9111,61.2284245,-57.793624,0.37007439,0.26128487,35.1256851,8.2376E-05,-8.963E-05,1938.29307,0.00133252,-0.0013236,0.04229679,0.00122106,-0.0026049,0.81157919,0.03936573,-0.1958552,3.0723968,0.09258296,-0.1284101,0.25481462,0.31174631,-0.1887646,91.4567306,112.243797,-115.08948,3.65296079,0.17740594,-0.2292502,
2088.01,2088,441765914,T002088,MS,spoc,syn,5028.13665,100,4.46547189,0.1,0.30976661,0.06,10.054,0.02,9.607,0.019,9.521,0.015,11.4808445,0.01,12.00866,0.01,10.832651,0.01,7.878735,0.02227502,261.375229,75.8822881,4.4893733,4.61322977,-3.0665027,0.16852001,0.05018049,-0.0507613,126.923928,44893.3429,-44893.343,0.33873874,0.0579266,-0.0587656,0.90271351,0.02230439,-0.0254436,0.84814659,0.03385184,-0.0238581,0.43532919,0.04236086,-0.0350226,4.53257138,0.02944386,-0.0424905,1.45678627,0.14278532,-0.1868657,5080.58342,55.6058663,-54.201197,0.4037082,0.24351965,124.729964,0.00064872,-0.0006257,1769.60661,0.00270246,-0.00283,0.03964072,0.0012053,-0.0010287,0.38252824,0.18489115,-0.24313,7.39056858,0.13903134,-0.1175031,0.18447664,0.30484322,-0.1218049,90.1405032,117.731608,-117.57386,3.66991557,0.16692609,-0.1573424,
2114.01,2114,9828416,T002114,SG,spoc,syn,6310.05774,100,4.16881395,0.1,0.07740181,0.06,9.352,0.021,9.153,0.019,9.089,0.019,10.174061,0.01,10.442084,0.01,9.780329,0.01,3.117477,0.02403988,261.096435,33.2050857,2.04094228,0.20721166,-0.1840481,0.05585566,0.05026108,-0.0506006,320.772206,41597.5535,-41597.553,0.11432216,0.05425493,-0.0600792,1.47848177,0.03144978,-0.0369498,2.09555793,0.04235227,-0.0402309,6.49275167,0.3933776,-0.3623108,3.96204772,0.01703389,-0.018245,0.15967004,0.00781527,-0.0092928,6359.43446,88.8172396,-85.666746,0.26031262,0.29714147,6.20973376,0.00018926,-0.0001961,2719.04758,0.00106282,-0.0010333,0.0616605,0.00070122,-0.0006874,0.78188914,0.03316246,-0.0333014,4.59384157,0.07632117,-0.0691676,0.1520216,0.30378109,-0.1106696,86.3670745,136.719947,-129.30722,14.0930818,0.32242836,-0.3180859,
2128.01,2128,21832928,155060,MS,spoc,syn,5976.65784,100,4.3325599,0.1,-0.0862054,0.06,6.117,0.027,5.872,0.02,5.821,0.034,7.0664196,0.01,7.3769784,0.01,6.6464696,0.01,27.309854,0.02546468,256.982623,32.105484,4.72985771,1.68168296,-1.523832,-0.0121682,0.04993616,-0.0505826,36.6168195,39270.083,-39270.083,-0.0701307,0.04999426,-0.0574342,1.02508768,0.03811532,-0.0375166,1.11739832,0.02388202,-0.0227371,1.43258507,0.09234734,-0.0878684,4.34923123,0.02613978,-0.0263397,0.72573295,0.05928359,-0.0541229,5967.64211,85.6251055,-84.483681,0.26971066,0.30620495,16.341355,0.00013236,-0.0001102,1987.26632,0.00169458,-0.0031749,0.01672504,0.00054887,-0.000506,0.3880404,0.22277193,-0.2544029,4.6293485,0.16211339,-0.0967259,0.19343622,0.33528572,-0.1301833,87.9005989,126.931354,-123.32721,2.03905625,0.08050155,-0.0746738,
2145.01,2145,88992642,HIP86040,SG,spoc,syn,6213.23208,100,3.97199863,0.1,0.2880693,0.06,8.021,0.018,7.81,0.023,7.761,0.031,8.936511,0.01,9.237578,0.01,8.522094,0.01,4.420947,0.02155184,263.758112,40.695057,1.57699902,0.18346856,-0.1276982,0.07623446,0.05105668,-0.0495183,226.195881,46399.7577,-46399.758,0.28502481,0.06117189,-0.0512215,1.71688896,0.03403109,-0.039802,2.75048742,0.06065331,-0.0481439,10.154131,0.6368341,-0.611339,3.7887824,0.01881338,-0.0183318,0.08098524,0.00522691,-0.0048021,6200.27892,83.9005324,-81.097006,0.2693842,0.29904562,10.2611269,1.1733E-05,-1.178E-05,2013.28012,0.00059954,-0.0005663,0.04154068,0.00047443,-0.0004192,0.37870757,0.12423945,-0.1996112,7.47392086,0.04533612,-0.0368576,0.27063009,0.2903667,-0.1125397,92.7802786,87.6316208,-91.68023,12.4684067,0.27931141,-0.2746377,